Filename,Label
image_1.jpg,"[Kerbau,Manusia]"
image_10.jpg,"[Kerbau,Manusia]"
image_100.jpg,[Kerbau]
image_101.jpg,"[Kerbau,Manusia]"
image_102.jpg,"[Kerbau,Manusia]"
image_103.jpg,"[Manusia,Kerbau]"
image_104.jpg,"[Kerbau,Manusia]"
image_105.jpg,"[Kerbau,Manusia]"
image_106.jpg,"[Kerbau,Manusia]"
image_107.jpg,"[Kerbau,Manusia]"
image_108.jpg,"[Kerbau,Manusia]"
image_109.jpg,"[Kerbau,Manusia]"
image_11.jpg,"[Kerbau,Manusia]"
image_110.jpg,"[Kerbau,Manusia]"
image_111.jpg,"[Kerbau,Manusia]"
image_112.jpg,"[Kerbau,Manusia]"
image_113.jpg,[Kerbau]
image_114.jpg,"[Kerbau,Manusia]"
image_115.jpg,"[Kerbau,Manusia]"
image_116.jpg,"[Kerbau,Manusia]"
image_117.jpg,"[Kerbau,Manusia]"
image_118.jpg,"[Kerbau,Manusia]"
image_119.jpg,"[Kerbau,Manusia]"
image_12.jpg,"[Kerbau,Manusia]"
image_120.jpg,"[Kerbau,Manusia]"
image_121.jpg,"[Kerbau,Manusia]"
image_122.jpg,"[Kerbau,Manusia]"
image_123.jpg,"[Kerbau,Manusia]"
image_124.jpg,"[Kerbau,Manusia]"
image_125.jpg,"[Kerbau,Manusia]"
image_126.jpg,"[Kerbau,Manusia]"
image_127.jpg,"[Kerbau,Manusia]"
image_128.jpg,"[Kerbau,Manusia]"
image_129.jpg,"[Kerbau,Manusia]"
image_13.jpg,"[Kerbau,Manusia]"
image_130.jpg,"[Kerbau,Manusia]"
image_131.jpg,"[Kerbau,Manusia]"
image_132.jpg,"[Kerbau,Manusia]"
image_133.jpg,"[Kerbau,Manusia]"
image_134.jpg,[Kerbau]
image_135.jpg,[Kerbau]
image_136.jpg,[Kerbau]
image_137.jpg,[Kerbau]
image_138.jpg,"[Kerbau,Manusia]"
image_139.jpg,"[Kerbau,Manusia]"
image_14.jpg,"[Kerbau,Manusia]"
image_140.jpg,"[Kerbau,Manusia]"
image_141.jpg,"[Kerbau,Manusia]"
image_142.jpg,[Kerbau]
image_143.jpg,[Kerbau]
image_144.jpg,[Kerbau]
image_145.jpg,[Kerbau]
image_146.jpg,[Kerbau]
image_147.jpg,[Kerbau]
image_148.jpg,[Kerbau]
image_149.jpg,[Kerbau]
image_15.jpg,"[Kerbau,Manusia]"
image_150.jpg,[Kerbau]
image_151.jpg,[Kerbau]
image_152.jpg,[Kerbau]
image_153.jpg,[Kerbau]
image_154.jpg,[Kerbau]
image_155.jpg,[Kerbau]
image_156.jpg,[Kerbau]
image_157.jpg,[Kerbau]
image_158.jpg,[Kerbau]
image_159.jpg,[Kerbau]
image_16.jpg,"[Kerbau,Manusia]"
image_160.jpg,[Kerbau]
image_161.jpg,[Kerbau]
image_162.jpg,[Kerbau]
image_163.jpg,[Kerbau]
image_164.jpg,[Kerbau]
image_165.jpg,[Kerbau]
image_166.jpg,[Kerbau]
image_167.jpg,[Kerbau]
image_168.jpg,[Kerbau]
image_169.jpg,[Kerbau]
image_17.jpg,"[Kerbau,Manusia]"
image_170.jpg,[Kerbau]
image_171.jpg,[Kerbau]
image_172.jpg,[Kerbau]
image_173.jpg,[Kerbau]
image_174.jpg,[Kerbau]
image_175.jpg,[Kerbau]
image_176.jpg,[Kerbau]
image_177.jpg,[Kerbau]
image_178.jpg,[Kerbau]
image_179.jpg,[Kerbau]
image_18.jpg,"[Kerbau,Manusia]"
image_180.jpg,[Kerbau]
image_181.jpg,[Kerbau]
image_182.jpg,[Kerbau]
image_183.jpg,[Kerbau]
image_184.jpg,[Kerbau]
image_185.jpg,[Kerbau]
image_186.jpg,[Kerbau]
image_187.jpg,[Kerbau]
image_188.jpg,[Kerbau]
image_189.jpg,[Kerbau]
image_19.jpg,"[Kerbau,Manusia]"
image_190.jpg,[Kerbau]
image_191.jpg,[Kerbau]
image_192.jpg,[Kerbau]
image_193.jpg,[Kerbau]
image_194.jpg,[Kerbau]
image_195.jpg,[Kerbau]
image_196.jpg,[Kerbau]
image_197.jpg,[Kerbau]
image_198.jpg,[Kerbau]
image_199.jpg,[Kerbau]
image_2.jpg,"[Kerbau,Manusia]"
image_20.jpg,"[Kerbau,Manusia]"
image_200.jpg,[Kerbau]
image_201.jpg,[Kerbau]
image_202.jpg,[Kerbau]
image_203.jpg,[Kerbau]
image_204.jpg,[Kerbau]
image_205.jpg,[Kerbau]
image_206.jpg,[Kerbau]
image_207.jpg,[Kerbau]
image_208.jpg,[Kerbau]
image_209.jpg,[Kerbau]
image_21.jpg,"[Kerbau,Manusia]"
image_210.jpg,[Kerbau]
image_211.jpg,[Kerbau]
image_212.jpg,[Kerbau]
image_213.jpg,[Kerbau]
image_214.jpg,[Kerbau]
image_215.jpg,"[Kerbau,Manusia]"
image_216.jpg,"[Kerbau,Manusia]"
image_217.jpg,"[Kerbau,Manusia]"
image_218.jpg,"[Kerbau,Manusia]"
image_219.jpg,"[Kerbau,Manusia]"
image_22.jpg,"[Kerbau,Manusia]"
image_220.jpg,"[Kerbau,Manusia]"
image_221.jpg,"[Kerbau,Manusia]"
image_222.jpg,"[Kerbau,Manusia]"
image_223.jpg,"[Kerbau,Manusia]"
image_224.jpg,"[Kerbau,Manusia]"
image_225.jpg,"[Kerbau,Manusia]"
image_226.jpg,"[Kerbau,Manusia]"
image_227.jpg,"[Kerbau,Manusia]"
image_228.jpg,"[Kerbau,Manusia]"
image_229.jpg,"[Kerbau,Manusia]"
image_23.jpg,"[Kerbau,Manusia]"
image_230.jpg,"[Kerbau,Manusia]"
image_231.jpg,"[Kerbau,Manusia]"
image_232.jpg,"[Kerbau,Manusia]"
image_233.jpg,"[Kerbau,Manusia]"
image_234.jpg,"[Kerbau,Manusia]"
image_235.jpg,[Kerbau]
image_236.jpg,[Kerbau]
image_237.jpg,[Kerbau]
image_238.jpg,[Kerbau]
image_239.jpg,[Kerbau]
image_24.jpg,"[Kerbau,Manusia]"
image_240.jpg,[Kerbau]
image_241.jpg,[Kerbau]
image_242.jpg,[Kerbau]
image_243.jpg,[Kerbau]
image_244.jpg,[Kerbau]
image_245.jpg,[Kerbau]
image_246.jpg,[Kerbau]
image_247.jpg,[Kerbau]
image_248.jpg,[Kerbau]
image_249.jpg,[Kerbau]
image_25.jpg,"[Kerbau,Manusia]"
image_250.jpg,[Kerbau]
image_251.jpg,[Kerbau]
image_252.jpg,[Kerbau]
image_253.jpg,[Kerbau]
image_254.jpg,[Kerbau]
image_255.jpg,[Kerbau]
image_256.jpg,[Kerbau]
image_257.jpg,[Kerbau]
image_258.jpg,[Kerbau]
image_259.jpg,[Kerbau]
image_26.jpg,[Kerbau]
image_260.jpg,[Kerbau]
image_261.jpg,[Kerbau]
image_262.jpg,[Kerbau]
image_263.jpg,[Kerbau]
image_264.jpg,[Kerbau]
image_265.jpg,[Kerbau]
image_266.jpg,[Kerbau]
image_267.jpg,[Kerbau]
image_268.jpg,[Kerbau]
image_269.jpg,[Kerbau]
image_27.jpg,"[Kerbau,Manusia]"
image_270.jpg,[Kerbau]
image_271.jpg,[Kerbau]
image_272.jpg,[Kerbau]
image_273.jpg,[Kerbau]
image_274.jpg,[Kerbau]
image_275.jpg,[Kerbau]
image_276.jpg,[Kerbau]
image_277.jpg,[Kerbau]
image_278.jpg,[Kerbau]
image_279.jpg,[Kerbau]
image_28.jpg,"[Kerbau,Manusia]"
image_280.jpg,[Kerbau]
image_281.jpg,[Kerbau]
image_282.jpg,[Kerbau]
image_283.jpg,[Kerbau]
image_284.jpg,[Kerbau]
image_285.jpg,[Kerbau]
image_286.jpg,[Kerbau]
image_287.jpg,[Kerbau]
image_288.jpg,[Kerbau]
image_289.jpg,[Kerbau]
image_29.jpg,"[Kerbau,Manusia]"
image_290.jpg,[Kerbau]
image_291.jpg,[Kerbau]
image_292.jpg,[Kerbau]
image_293.jpg,[Kerbau]
image_294.jpg,[Kerbau]
image_295.jpg,[Kerbau]
image_296.jpg,[Kerbau]
image_297.jpg,[Kerbau]
image_298.jpg,[Kerbau]
image_299.jpg,[Kerbau]
image_3.jpg,"[Kerbau,Manusia]"
image_30.jpg,"[Kerbau,Manusia]"
image_300.jpg,[Kerbau]
image_301.jpg,[Kerbau]
image_302.jpg,[Kerbau]
image_303.jpg,[Kerbau]
image_304.jpg,"[Kerbau,Manusia]"
image_305.jpg,"[Kerbau,Manusia]"
image_306.jpg,"[Kerbau,Manusia]"
image_307.jpg,"[Kerbau,Manusia]"
image_308.jpg,"[Kerbau,Manusia]"
image_309.jpg,"[Kerbau,Manusia]"
image_31.jpg,"[Kerbau,Manusia]"
image_310.jpg,"[Kerbau,Manusia]"
image_311.jpg,"[Kerbau,Manusia]"
image_312.jpg,"[Kerbau,Manusia]"
image_313.jpg,"[Kerbau,Manusia]"
image_314.jpg,"[Kerbau,Manusia]"
image_315.jpg,"[Kerbau,Manusia]"
image_316.jpg,"[Kerbau,Manusia]"
image_317.jpg,"[Kerbau,Manusia]"
image_318.jpg,"[Kerbau,Manusia]"
image_319.jpg,"[Kerbau,Manusia]"
image_32.jpg,"[Kerbau,Manusia]"
image_320.jpg,"[Kerbau,Manusia]"
image_321.jpg,"[Kerbau,Manusia]"
image_322.jpg,"[Kerbau,Manusia]"
image_323.jpg,"[Kerbau,Manusia]"
image_324.jpg,"[Kerbau,Manusia]"
image_325.jpg,"[Kerbau,Manusia]"
image_326.jpg,"[Kerbau,Manusia]"
image_327.jpg,"[Kerbau,Manusia]"
image_328.jpg,"[Kerbau,Manusia]"
image_329.jpg,"[Kerbau,Manusia]"
image_33.jpg,"[Kerbau,Manusia]"
image_330.jpg,"[Kerbau,Manusia]"
image_331.jpg,"[Kerbau,Manusia]"
image_332.jpg,"[Kerbau,Manusia]"
image_333.jpg,[Kerbau]
image_334.jpg,[Kerbau]
image_335.jpg,[Kerbau]
image_336.jpg,[Kerbau]
image_337.jpg,[Kerbau]
image_338.jpg,[Kerbau]
image_339.jpg,[Kerbau]
image_34.jpg,"[Kerbau,Manusia,Hewan liar]"
image_340.jpg,"[Kerbau,Manusia,Hewan liar]"
image_341.jpg,"[Kerbau,Hewan liar,Manusia]"
image_342.jpg,"[Kerbau,Hewan liar]"
image_343.jpg,"[Kerbau,Manusia,Hewan liar]"
image_344.jpg,"[Kerbau,Manusia,Hewan liar]"
image_345.jpg,"[Kerbau,Manusia,Hewan liar]"
image_346.jpg,"[Kerbau,Manusia,Hewan liar]"
image_347.jpg,[Kerbau]
image_348.jpg,[Kerbau]
image_349.jpg,[Kerbau]
image_35.jpg,"[Kerbau,Manusia,Hewan liar]"
image_350.jpg,[Kerbau]
image_351.jpg,[Kerbau]
image_352.jpg,[Kerbau]
image_353.jpg,[Kerbau]
image_354.jpg,[Kerbau]
image_355.jpg,[Kerbau]
image_356.jpg,"[Kerbau,Hewan liar]"
image_357.jpg,"[Kerbau,Hewan liar]"
image_358.jpg,"[Kerbau,Hewan liar]"
image_359.jpg,"[Kerbau,Hewan liar]"
image_36.jpg,"[Kerbau,Hewan liar]"
image_360.jpg,"[Kerbau,Hewan liar]"
image_361.jpg,"[Kerbau,Hewan liar]"
image_362.jpg,"[Kerbau,Hewan liar]"
image_363.jpg,"[Kerbau,Hewan liar]"
image_364.jpg,"[Kerbau,Hewan liar]"
image_365.jpg,"[Kerbau,Hewan liar]"
image_366.jpg,"[Kerbau,Hewan liar]"
image_367.jpg,"[Kerbau,Hewan liar]"
image_368.jpg,"[Kerbau,Hewan liar]"
image_369.jpg,"[Kerbau,Hewan liar]"
image_37.jpg,"[Kerbau,Hewan liar]"
image_370.jpg,"[Kerbau,Hewan liar]"
image_371.jpg,"[Kerbau,Hewan liar]"
image_372.jpg,"[Kerbau,Hewan liar]"
image_373.jpg,"[Kerbau,Hewan liar]"
image_374.jpg,"[Kerbau,Hewan liar]"
image_375.jpg,"[Kerbau,Hewan liar]"
image_376.jpg,"[Kerbau,Hewan liar,Manusia]"
image_377.jpg,"[Kerbau,Hewan liar,Manusia]"
image_378.jpg,"[Kerbau,Manusia,Hewan liar]"
image_379.jpg,"[Kerbau,Hewan liar,Manusia]"
image_38.jpg,"[Kerbau,Hewan liar,Manusia]"
image_380.jpg,"[Kerbau,Hewan liar,Manusia]"
image_381.jpg,"[Kerbau,Hewan liar,Manusia]"
image_382.jpg,"[Kerbau,Hewan liar,Manusia]"
image_383.jpg,"[Kerbau,Hewan liar,Manusia]"
image_384.jpg,"[Kerbau,Hewan liar,Manusia]"
image_385.jpg,"[Kerbau,Hewan liar,Manusia]"
image_386.jpg,"[Kerbau,Hewan liar,Manusia]"
image_387.jpg,"[Kerbau,Manusia]"
image_388.jpg,"[Kerbau,Manusia]"
image_389.jpg,"[Kerbau,Manusia]"
image_39.jpg,"[Kerbau,Manusia,Hewan liar]"
image_390.jpg,"[Kerbau,Manusia]"
image_391.jpg,"[Kerbau,Manusia]"
image_392.jpg,[Kerbau]
image_393.jpg,[Kerbau]
image_394.jpg,"[Kerbau,Manusia]"
image_395.jpg,"[Kerbau,Manusia]"
image_396.jpg,"[Kerbau,Manusia]"
image_397.jpg,"[Kerbau,Manusia]"
image_398.jpg,[Kerbau]
image_399.jpg,[Kerbau]
image_4.jpg,"[Kerbau,Manusia]"
image_40.jpg,"[Kerbau,Manusia,Hewan liar]"
image_400.jpg,[Kerbau]
image_401.jpg,[Kerbau]
image_402.jpg,[Kerbau]
image_403.jpg,[Kerbau]
image_404.jpg,[Kerbau]
image_405.jpg,[Kerbau]
image_406.jpg,[Kerbau]
image_407.jpg,[Kerbau]
image_408.jpg,[Kerbau]
image_409.jpg,[Kerbau]
image_41.jpg,"[Kerbau,Manusia,Hewan liar]"
image_410.jpg,[Kerbau]
image_411.jpg,"[Kerbau,Manusia]"
image_412.jpg,"[Kerbau,Manusia]"
image_413.jpg,"[Kerbau,Manusia]"
image_414.jpg,[Kerbau]
image_415.jpg,"[Kerbau,Manusia]"
image_416.jpg,"[Kerbau,Manusia]"
image_417.jpg,"[Kerbau,Manusia]"
image_418.jpg,"[Kerbau,Manusia,Hewan liar,Motor]"
image_419.jpg,"[Kerbau,Manusia,Hewan liar,Motor]"
image_42.jpg,"[Kerbau,Manusia,Hewan liar]"
image_420.jpg,"[Kerbau,Manusia,Hewan liar,Motor]"
image_421.jpg,"[Kerbau,Manusia,Hewan liar,Motor]"
image_422.jpg,"[Kerbau,Manusia,Hewan liar,Motor]"
image_423.jpg,"[Kerbau,Manusia,Hewan liar,Motor]"
image_424.jpg,"[Kerbau,Manusia,Hewan liar,Motor]"
image_425.jpg,"[Kerbau,Manusia,Hewan liar,Motor]"
image_426.jpg,"[Kerbau,Manusia,Hewan liar,Motor]"
image_427.jpg,"[Kerbau,Hewan liar]"
image_428.jpg,"[Kerbau,Hewan liar]"
image_429.jpg,"[Kerbau,Hewan liar,Motor]"
image_43.jpg,"[Kerbau,Hewan liar,Manusia]"
image_430.jpg,"[Kerbau,Hewan liar]"
image_431.jpg,"[Kerbau,Hewan liar]"
image_432.jpg,"[Kerbau,Hewan liar]"
image_433.jpg,"[Kerbau,Hewan liar]"
image_434.jpg,"[Kerbau,Hewan liar]"
image_435.jpg,"[Kerbau,Hewan liar]"
image_436.jpg,"[Kerbau,Hewan liar]"
image_437.jpg,"[Kerbau,Hewan liar]"
image_438.jpg,"[Kerbau,Hewan liar]"
image_439.jpg,"[Kerbau,Hewan liar]"
image_44.jpg,"[Kerbau,Hewan liar,Manusia]"
image_440.jpg,"[Kerbau,Hewan liar,Manusia]"
image_441.jpg,"[Kerbau,Hewan liar]"
image_442.jpg,"[Kerbau,Hewan liar]"
image_443.jpg,"[Kerbau,Hewan liar]"
image_444.jpg,"[Kerbau,Hewan liar]"
image_445.jpg,"[Kerbau,Hewan liar]"
image_446.jpg,"[Kerbau,Hewan liar]"
image_447.jpg,"[Kerbau,Hewan liar]"
image_448.jpg,"[Kerbau,Hewan liar]"
image_449.jpg,"[Kerbau,Hewan liar]"
image_45.jpg,"[Kerbau,Hewan liar,Manusia]"
image_450.jpg,"[Kerbau,Hewan liar]"
image_451.jpg,"[Kerbau,Hewan liar]"
image_452.jpg,"[Kerbau,Hewan liar]"
image_453.jpg,"[Kerbau,Hewan liar]"
image_454.jpg,"[Kerbau,Hewan liar]"
image_455.jpg,"[Kerbau,Hewan liar]"
image_456.jpg,[Kerbau]
image_457.jpg,"[Kerbau,Hewan liar]"
image_458.jpg,"[Kerbau,Hewan liar]"
image_459.jpg,"[Kerbau,Hewan liar]"
image_46.jpg,"[Kerbau,Hewan liar,Manusia]"
image_460.jpg,"[Kerbau,Motor]"
image_461.jpg,"[Kerbau,Motor]"
image_462.jpg,"[Kerbau,Motor]"
image_463.jpg,"[Kerbau,Motor]"
image_464.jpg,"[Kerbau,Motor]"
image_465.jpg,"[Kerbau,Motor]"
image_466.jpg,"[Kerbau,Motor]"
image_467.jpg,"[Kerbau,Motor]"
image_468.jpg,"[Kerbau,Motor]"
image_469.jpg,"[Kerbau,Motor]"
image_47.jpg,"[Kerbau,Manusia,Hewan liar]"
image_470.jpg,"[Kerbau,Manusia,Hewan liar]"
image_471.jpg,"[Kerbau,Motor]"
image_472.jpg,"[Kerbau,Motor]"
image_473.jpg,"[Kerbau,Motor]"
image_474.jpg,"[Kerbau,Motor]"
image_475.jpg,"[Kerbau,Motor]"
image_476.jpg,"[Kerbau,Motor]"
image_477.jpg,"[Kerbau,Motor]"
image_478.jpg,"[Kerbau,Motor]"
image_479.jpg,"[Kerbau,Motor]"
image_48.jpg,"[Kerbau,Manusia,Hewan liar]"
image_480.jpg,[Kerbau]
image_481.jpg,[Kerbau]
image_482.jpg,[Kerbau]
image_483.jpg,[Kerbau]
image_484.jpg,[Kerbau]
image_485.jpg,[Kerbau]
image_486.jpg,[Kerbau]
image_487.jpg,[Kerbau]
image_488.jpg,[Kerbau]
image_489.jpg,[Kerbau]
image_49.jpg,"[Kerbau,Manusia,Hewan liar]"
image_490.jpg,[Kerbau]
image_491.jpg,[Kerbau]
image_492.jpg,[Kerbau]
image_493.jpg,[Kerbau]
image_494.jpg,[Kerbau]
image_495.jpg,[Kerbau]
image_496.jpg,[Kerbau]
image_497.jpg,[Kerbau]
image_498.jpg,[Kerbau]
image_499.jpg,[Kerbau]
image_5.jpg,"[Kerbau,Manusia]"
image_50.jpg,"[Kerbau,Hewan liar,Manusia]"
image_500.jpg,[Kerbau]
image_51.jpg,"[Kerbau,Hewan liar,Manusia]"
image_52.jpg,"[Kerbau,Hewan liar,Manusia]"
image_53.jpg,"[Kerbau,Manusia]"
image_54.jpg,"[Kerbau,Manusia]"
image_55.jpg,"[Kerbau,Manusia]"
image_56.jpg,"[Kerbau,Manusia]"
image_57.jpg,"[Kerbau,Manusia]"
image_58.jpg,"[Kerbau,Manusia]"
image_59.jpg,"[Kerbau,Manusia]"
image_6.jpg,"[Kerbau,Manusia]"
image_60.jpg,"[Kerbau,Manusia]"
image_61.jpg,"[Kerbau,Manusia]"
image_62.jpg,"[Kerbau,Manusia]"
image_63.jpg,"[Kerbau,Manusia]"
image_64.jpg,"[Kerbau,Manusia]"
image_65.jpg,"[Kerbau,Manusia]"
image_66.jpg,"[Kerbau,Manusia]"
image_67.jpg,"[Kerbau,Manusia]"
image_68.jpg,"[Kerbau,Manusia]"
image_69.jpg,"[Kerbau,Manusia]"
image_7.jpg,"[Kerbau,Manusia]"
image_70.jpg,"[Kerbau,Manusia]"
image_71.jpg,"[Kerbau,Manusia]"
image_72.jpg,"[Kerbau,Manusia]"
image_73.jpg,"[Kerbau,Manusia]"
image_74.jpg,"[Kerbau,Manusia]"
image_75.jpg,"[Kerbau,Manusia]"
image_76.jpg,"[Kerbau,Manusia]"
image_77.jpg,"[Kerbau,Manusia]"
image_78.jpg,"[Kerbau,Manusia]"
image_79.jpg,"[Kerbau,Manusia]"
image_8.jpg,"[Kerbau,Manusia]"
image_80.jpg,"[Kerbau,Manusia]"
image_81.jpg,"[Kerbau,Manusia]"
image_82.jpg,"[Kerbau,Manusia]"
image_83.jpg,"[Kerbau,Manusia]"
image_84.jpg,"[Kerbau,Manusia]"
image_85.jpg,"[Kerbau,Manusia]"
image_86.jpg,"[Kerbau,Manusia]"
image_87.jpg,"[Kerbau,Manusia]"
image_88.jpg,"[Kerbau,Manusia]"
image_89.jpg,"[Kerbau,Manusia]"
image_9.jpg,"[Kerbau,Manusia]"
image_90.jpg,"[Kerbau,Manusia]"
image_91.jpg,"[Kerbau,Manusia]"
image_92.jpg,"[Kerbau,Manusia]"
image_93.jpg,"[Kerbau,Manusia]"
image_94.jpg,"[Kerbau,Manusia]"
image_95.jpg,"[Kerbau,Manusia]"
image_96.jpg,"[Kerbau,Manusia]"
image_97.jpg,[Kerbau]
image_98.jpg,[Kerbau]
image_99.jpg,[Kerbau]
image_491.jpg,[Kerbau]
image_492.jpg,[Kerbau]
image_493.jpg,[Kerbau]
image_494.jpg,[Kerbau]
image_495.jpg,[Kerbau]
image_496.jpg,[Kerbau]
image_497.jpg,[Kerbau]
image_498.jpg,[Kerbau]
image_499.jpg,[Kerbau]
image_500.jpg,[Kerbau]
image_501.jpg,[Kerbau]
image_502.jpg,[Kerbau]
image_503.jpg,[Kerbau]
image_504.jpg,[Kerbau]
image_505.jpg,[Kerbau]
image_506.jpg,[Kerbau]
image_507.jpg,[Kerbau]
image_508.jpg,[Kerbau]
image_509.jpg,[Kerbau]
image_510.jpg,[Kerbau]
image_511.jpg,[Kerbau]
image_512.jpg,[Kerbau]
image_513.jpg,[Kerbau]
image_514.jpg,[Kerbau]
image_515.jpg,[Kerbau]
image_516.jpg,[Kerbau]
image_517.jpg,[Kerbau]
image_518.jpg,[Kerbau]
image_519.jpg,[Kerbau]
image_520.jpg,[Kerbau]
image_521.jpg,[Kerbau]
image_522.jpg,"[Kerbau,Manusia]"
image_523.jpg,"[Kerbau,Manusia]"
image_524.jpg,"[Kerbau,Manusia]"
image_525.jpg,"[Kerbau,Manusia]"
image_526.jpg,"[Kerbau,Manusia]"
image_527.jpg,"[Kerbau,Manusia]"
image_528.jpg,"[Kerbau,Manusia]"
image_529.jpg,"[Kerbau,Manusia]"
image_530.jpg,"[Kerbau,Manusia]"
image_531.jpg,"[Kerbau,Manusia]"
image_532.jpg,"[Kerbau,Manusia]"
image_533.jpg,"[Kerbau,Manusia]"
image_534.jpg,"[Kerbau,Manusia]"
image_535.jpg,"[Kerbau,Manusia]"
image_536.jpg,"[Kerbau,Manusia]"
image_537.jpg,"[Kerbau,Manusia]"
image_538.jpg,"[Kerbau,Manusia]"
image_539.jpg,"[Kerbau,Manusia]"
image_540.jpg,"[Kerbau,Manusia]"
image_541.jpg,"[Kerbau,Manusia]"
image_542.jpg,[Kerbau]
image_543.jpg,[Kerbau]
image_544.jpg,"[Kerbau,Manusia]"
image_545.jpg,"[Kerbau,Manusia]"
image_546.jpg,"[Kerbau,Manusia]"
image_547.jpg,"[Kerbau,Manusia]"
image_548.jpg,"[Kerbau,Manusia]"
image_549.jpg,"[Kerbau,Manusia]"
image_550.jpg,"[Kerbau,Manusia]"
image_551.jpg,"[Kerbau,Manusia]"
image_552.jpg,"[Kerbau,Manusia]"
image_553.jpg,"[Kerbau,Manusia]"
image_554.jpg,"[Kerbau,Manusia]"
image_555.jpg,"[Kerbau,Manusia]"
image_556.jpg,"[Kerbau,Manusia]"
image_557.jpg,"[Kerbau,Manusia]"
image_558.jpg,"[Kerbau,Manusia]"
image_559.jpg,"[Kerbau,Manusia]"
image_560.jpg,"[Kerbau,Manusia]"
image_561.jpg,"[Kerbau,Manusia]"
image_562.jpg,"[Kerbau,Manusia]"
image_563.jpg,[Kerbau]
image_564.jpg,"[Kerbau,Manusia]"
image_565.jpg,"[Kerbau,Manusia]"
image_566.jpg,"[Kerbau,Manusia]"
image_567.jpg,"[Kerbau,Manusia]"
image_568.jpg,"[Kerbau,Manusia]"
image_569.jpg,"[Kerbau,Manusia]"
image_570.jpg,"[Kerbau,Manusia]"
image_571.jpg,"[Kerbau,Manusia]"
image_572.jpg,"[Kerbau,Manusia]"
image_573.jpg,"[Kerbau,Manusia]"
image_574.jpg,"[Kerbau,Manusia]"
image_575.jpg,"[Kerbau,Manusia]"
image_576.jpg,"[Kerbau,Manusia]"
image_577.jpg,"[Kerbau,Manusia]"
image_578.jpg,"[Kerbau,Manusia]"
image_579.jpg,"[Kerbau,Manusia]"
image_580.jpg,"[Kerbau,Manusia]"
image_581.jpg,"[Kerbau,Manusia]"
image_582.jpg,"[Kerbau,Manusia]"
image_583.jpg,"[Kerbau,Manusia]"
image_584.jpg,"[Kerbau,Manusia]"
image_585.jpg,"[Kerbau,Manusia]"
image_586.jpg,"[Kerbau,Manusia]"
image_587.jpg,"[Kerbau,Manusia]"
image_588.jpg,"[Kerbau,Manusia]"
image_589.jpg,"[Kerbau,Manusia]"
image_590.jpg,"[Kerbau,Manusia]"
image_591.jpg,"[Kerbau,Manusia]"
image_592.jpg,"[Kerbau,Manusia]"
image_593.jpg,"[Kerbau,Manusia]"
image_594.jpg,"[Kerbau,Manusia]"
image_595.jpg,"[Kerbau,Manusia]"
image_596.jpg,"[Kerbau,Manusia]"
image_597.jpg,"[Kerbau,Manusia]"
image_598.jpg,"[Kerbau,Manusia]"
image_599.jpg,"[Kerbau,Manusia]"
image_600.jpg,"[Kerbau,Manusia]"
image_601.jpg,"[Kerbau,Manusia]"
image_602.jpg,"[Kerbau,Manusia]"
image_603.jpg,"[Kerbau,Manusia]"
image_604.jpg,"[Kerbau,Manusia]"
image_605.jpg,"[Kerbau,Manusia]"
image_606.jpg,"[Kerbau,Manusia]"
image_607.jpg,[Kerbau]
image_608.jpg,"[Kerbau,Manusia]"
image_609.jpg,"[Kerbau,Manusia]"
image_610.jpg,"[Kerbau,Manusia]"
image_611.jpg,"[Kerbau,Manusia]"
image_612.jpg,"[Kerbau,Manusia]"
image_613.jpg,[Kerbau]
image_614.jpg,"[Kerbau,Manusia]"
image_615.jpg,"[Kerbau,Manusia]"
image_616.jpg,"[Kerbau,Manusia]"
image_617.jpg,"[Kerbau,Manusia]"
image_618.jpg,[Kerbau]
image_619.jpg,[Kerbau]
image_620.jpg,"[Kerbau,Manusia]"
image_621.jpg,"[Kerbau,Manusia]"
image_622.jpg,"[Kerbau,Manusia]"
image_623.jpg,[Kerbau]
image_624.jpg,"[Kerbau,Manusia]"
image_625.jpg,"[Kerbau,Manusia]"
image_626.jpg,"[Kerbau,Manusia]"
image_627.jpg,"[Kerbau,Manusia]"
image_628.jpg,"[Kerbau,Manusia]"
image_629.jpg,"[Kerbau,Manusia]"
image_630.jpg,"[Kerbau,Manusia]"
image_631.jpg,"[Kerbau,Manusia]"
image_632.jpg,"[Kerbau,Manusia]"
image_633.jpg,"[Kerbau,Manusia]"
image_634.jpg,"[Kerbau,Manusia]"
image_635.jpg,"[Kerbau,Manusia]"
image_636.jpg,"[Kerbau,Manusia]"
image_637.jpg,[Kerbau]
image_638.jpg,[Kerbau]
image_639.jpg,[Kerbau]
image_640.jpg,"[Kerbau,Manusia]"
image_641.jpg,"[Kerbau,Manusia]"
image_642.jpg,"[Kerbau,Manusia]"
image_643.jpg,"[Kerbau,Manusia]"
image_644.jpg,"[Kerbau,Manusia]"
image_645.jpg,[Kerbau]
image_646.jpg,"[Kerbau,Manusia]"
image_647.jpg,"[Kerbau,Manusia]"
image_648.jpg,"[Kerbau,Manusia]"
image_649.jpg,"[Kerbau,Manusia]"
image_650.jpg,"[Kerbau,Manusia]"
image_651.jpg,[Kerbau]
image_652.jpg,[Kerbau]
image_653.jpg,[Kerbau]
image_654.jpg,[Kerbau]
image_655.jpg,[Kerbau]
image_656.jpg,[Kerbau]
image_657.jpg,[Kerbau]
image_658.jpg,[Kerbau]
image_659.jpg,"[Kerbau,Manusia]"
image_660.jpg,"[Kerbau,Manusia]"
image_661.jpg,"[Kerbau,Manusia]"
image_662.jpg,"[Kerbau,Manusia]"
image_663.jpg,"[Kerbau,Manusia]"
image_664.jpg,"[Kerbau,Manusia]"
image_665.jpg,"[Kerbau,Manusia]"
image_666.jpg,"[Kerbau,Manusia]"
image_667.jpg,"[Kerbau,Manusia]"
image_668.jpg,"[Kerbau,Manusia]"
image_669.jpg,"[Kerbau,Manusia]"
image_670.jpg,"[Kerbau,Manusia]"
image_671.jpg,"[Kerbau,Manusia]"
image_672.jpg,"[Kerbau,Manusia]"
image_673.jpg,[Kerbau]
image_674.jpg,"[Kerbau,Manusia]"
image_675.jpg,"[Kerbau,Manusia]"
image_676.jpg,"[Kerbau,Manusia]"
image_677.jpg,"[Kerbau,Manusia]"
image_678.jpg,"[Kerbau,Manusia]"
image_679.jpg,"[Kerbau,Manusia]"
image_680.jpg,"[Kerbau,Manusia]"
image_681.jpg,"[Kerbau,Manusia]"
image_682.jpg,"[Kerbau,Manusia]"
image_683.jpg,"[Kerbau,Manusia]"
image_684.jpg,"[Kerbau,Manusia]"
image_685.jpg,"[Kerbau,Manusia]"
image_686.jpg,"[Kerbau,Manusia]"
image_687.jpg,"[Kerbau,Manusia]"
image_688.jpg,"[Kerbau,Manusia]"
image_689.jpg,"[Kerbau,Manusia]"
image_690.jpg,"[Kerbau,Manusia]"
image_691.jpg,"[Kerbau,Manusia]"
image_692.jpg,"[Kerbau,Manusia]"
image_693.jpg,"[Kerbau,Manusia]"
image_694.jpg,"[Kerbau,Manusia]"
image_695.jpg,"[Kerbau,Manusia]"
image_696.jpg,"[Kerbau,Manusia]"
image_697.jpg,"[Kerbau,Manusia]"
image_698.jpg,[Kerbau]
image_699.jpg,[Kerbau]
image_700.jpg,[Kerbau]
image_701.jpg,[Kerbau]
image_702.jpg,[Kerbau]
image_703.jpg,[Kerbau]
image_704.jpg,"[Kerbau,Manusia]"
image_705.jpg,"[Kerbau,Manusia]"
image_706.jpg,"[Kerbau,Manusia]"
image_707.jpg,"[Kerbau,Manusia]"
image_708.jpg,"[Kerbau,Manusia]"
image_709.jpg,"[Kerbau,Manusia]"
image_710.jpg,"[Kerbau,Manusia]"
image_711.jpg,"[Kerbau,Manusia]"
image_712.jpg,"[Kerbau,Manusia]"
image_713.jpg,"[Kerbau,Manusia]"
image_714.jpg,"[Kerbau,Manusia]"
image_715.jpg,"[Kerbau,Manusia]"
image_716.jpg,"[Kerbau,Manusia]"
image_717.jpg,"[Kerbau,Manusia]"
image_718.jpg,"[Kerbau,Manusia]"
image_719.jpg,"[Kerbau,Manusia]"
image_720.jpg,"[Kerbau,Manusia]"
image_721.jpg,"[Kerbau,Manusia]"
image_722.jpg,"[Kerbau,Manusia]"
image_723.jpg,"[Kerbau,Manusia]"
image_724.jpg,"[Kerbau,Manusia]"
image_725.jpg,"[Kerbau,Manusia]"
image_726.jpg,"[Kerbau,Manusia]"
image_727.jpg,"[Kerbau,Manusia]"
image_728.jpg,"[Kerbau,Manusia]"
image_729.jpg,"[Kerbau,Manusia]"
image_730.jpg,"[Kerbau,Manusia]"
image_731.jpg,"[Kerbau,Manusia]"
image_732.jpg,"[Kerbau,Manusia]"
image_733.jpg,"[Kerbau,Manusia]"
image_734.jpg,"[Kerbau,Manusia]"
image_735.jpg,"[Kerbau,Manusia]"
image_736.jpg,"[Kerbau,Manusia]"
image_737.jpg,"[Kerbau,Manusia]"
image_738.jpg,"[Kerbau,Manusia]"
image_739.jpg,"[Kerbau,Manusia]"
image_740.jpg,"[Kerbau,Manusia]"
image_741.jpg,"[Kerbau,Manusia]"
image_742.jpg,"[Kerbau,Manusia]"
image_743.jpg,"[Kerbau,Manusia]"
image_744.jpg,"[Kerbau,Manusia]"
image_745.jpg,"[Kerbau,Manusia]"
image_746.jpg,"[Kerbau,Manusia]"
image_747.jpg,"[Kerbau,Manusia]"
image_748.jpg,"[Kerbau,Manusia]"
image_749.jpg,"[Kerbau,Manusia]"
image_750.jpg,"[Kerbau,Manusia]"
image_751.jpg,"[Kerbau,Manusia]"
image_752.jpg,"[Kerbau,Manusia]"
image_753.jpg,"[Kerbau,Manusia]"
image_754.jpg,"[Kerbau,Manusia]"
image_755.jpg,"[Kerbau,Manusia]"
image_756.jpg,"[Kerbau,Manusia]"
image_757.jpg,"[Kerbau,Manusia]"
image_758.jpg,"[Kerbau,Manusia]"
image_759.jpg,"[Kerbau,Manusia]"
image_760.jpg,"[Kerbau,Manusia]"
image_761.jpg,"[Kerbau,Manusia]"
image_762.jpg,"[Kerbau,Manusia]"
image_763.jpg,"[Kerbau,Manusia]"
image_764.jpg,"[Kerbau,Manusia]"
image_765.jpg,"[Kerbau,Manusia]"
image_766.jpg,"[Kerbau,Manusia]"
image_767.jpg,"[Kerbau,Manusia]"
image_768.jpg,"[Kerbau,Manusia]"
image_769.jpg,"[Kerbau,Manusia]"
image_770.jpg,"[Kerbau,Manusia]"
image_771.jpg,"[Kerbau,Manusia]"
image_772.jpg,"[Kerbau,Manusia]"
image_773.jpg,"[Kerbau,Manusia]"
image_774.jpg,"[Kerbau,Manusia,Truk]"
image_775.jpg,"[Kerbau,Manusia,Truk]"
image_776.jpg,"[Kerbau,Manusia,Truk]"
image_777.jpg,"[Kerbau,Manusia,Truk]"
image_778.jpg,"[Kerbau,Manusia]"
image_779.jpg,"[Kerbau,Manusia]"
image_780.jpg,"[Kerbau,Manusia]"
image_781.jpg,"[Kerbau,Manusia]"
image_782.jpg,"[Kerbau,Manusia]"
image_783.jpg,"[Kerbau,Manusia]"
image_784.jpg,"[Kerbau,Manusia]"
image_785.jpg,"[Kerbau,Manusia]"
image_786.jpg,"[Kerbau,Manusia]"
image_787.jpg,"[Kerbau,Manusia]"
image_788.jpg,"[Kerbau,Manusia]"
image_789.jpg,"[Kerbau,Manusia]"
image_790.jpg,"[Kerbau,Manusia]"
image_791.jpg,"[Kerbau,Manusia]"
image_792.jpg,"[Kerbau,Manusia]"
image_793.jpg,"[Kerbau,Manusia]"
image_794.jpg,[Manusia]
image_798.jpg,"[Kerbau,Manusia]"
image_799.jpg,"[Kerbau,Manusia]"
image_800.jpg,"[Kerbau,Manusia]"
image_801.jpg,"[Kerbau,Manusia]"
image_802.jpg,"[Kerbau,Manusia]"
image_803.jpg,"[Kerbau,Manusia]"
image_804.jpg,"[Kerbau,Manusia]"
image_805.jpg,"[Kerbau,Manusia]"
image_806.jpg,"[Kerbau,Manusia]"
image_807.jpg,"[Kerbau,Manusia]"
image_808.jpg,"[Kerbau,Manusia]"
image_809.jpg,"[Kerbau,Manusia]"
image_810.jpg,"[Kerbau,Manusia]"
image_811.jpg,"[Kerbau,Manusia]"
image_812.jpg,"[Kerbau,Manusia]"
image_813.jpg,"[Kerbau,Manusia]"
image_814.jpg,"[Kerbau,Manusia]"
image_815.jpg,"[Kerbau,Manusia]"
image_816.jpg,"[Kerbau,Manusia]"
image_817.jpg,"[Kerbau,Manusia]"
image_818.jpg,"[Kerbau,Manusia]"
image_819.jpg,"[Kerbau,Manusia]"
image_820.jpg,"[Kerbau,Manusia]"
image_821.jpg,"[Kerbau,Manusia]"
image_822.jpg,"[Kerbau,Manusia]"
image_823.jpg,"[Kerbau,Manusia]"
image_824.jpg,"[Kerbau,Manusia]"
image_825.jpg,"[Kerbau,Manusia]"
image_826.jpg,"[Kerbau,Manusia]"
image_827.jpg,"[Kerbau,Manusia]"
image_828.jpg,"[Kerbau,Manusia]"
image_829.jpg,"[Kerbau,Manusia]"
image_830.jpg,"[Kerbau,Manusia]"
image_831.jpg,"[Kerbau,Manusia]"
image_832.jpg,"[Kerbau,Manusia]"
image_833.jpg,"[Kerbau,Manusia]"
image_834.jpg,"[Kerbau,Manusia]"
image_835.jpg,"[Kerbau,Manusia]"
image_836.jpg,"[Kerbau,Manusia]"
image_837.jpg,"[Kerbau,Manusia]"
image_838.jpg,"[Kerbau,Manusia]"
image_839.jpg,"[Kerbau,Manusia]"
image_840.jpg,"[Kerbau,Manusia]"
image_841.jpg,"[Kerbau,Manusia]"
image_842.jpg,"[Kerbau,Manusia]"
image_843.jpg,"[Kerbau,Manusia]"
image_844.jpg,"[Kerbau,Manusia,Motor]"
image_845.jpg,"[Motor,Manusia,Kerbau]"
image_846.jpg,"[Kerbau,Manusia,Motor]"
image_847.jpg,"[Kerbau,Manusia,Motor]"
image_848.jpg,"[Kerbau,Manusia]"
image_849.jpg,"[Kerbau,Manusia]"
image_850.jpg,[Kerbau]
image_851.jpg,[Kerbau]
image_852.jpg,[Kerbau]
image_853.jpg,[Kerbau]
image_854.jpg,"[Kerbau,Manusia]"
image_855.jpg,[Kerbau]
image_856.jpg,"[Kerbau,Manusia]"
image_857.jpg,"[Kerbau,Manusia]"
image_858.jpg,"[Kerbau,Manusia]"
image_859.jpg,"[Kerbau,Manusia]"
image_860.jpg,"[Kerbau,Manusia]"
image_861.jpg,[Kerbau]
image_862.jpg,[Kerbau]
image_863.jpg,[Kerbau]
image_864.jpg,[Kerbau]
image_865.jpg,[Kerbau]
image_866.jpg,[Kerbau]
image_867.jpg,[Kerbau]
image_868.jpg,[Kerbau]
image_869.jpg,[Kerbau]
image_870.jpg,"[Kerbau,Manusia]"
image_871.jpg,"[Kerbau,Manusia]"
image_872.jpg,"[Kerbau,Manusia]"
image_873.jpg,"[Kerbau,Manusia]"
image_874.jpg,"[Kerbau,Manusia]"
image_875.jpg,"[Kerbau,Manusia]"
image_876.jpg,"[Manusia,Kerbau]"
image_877.jpg,"[Kerbau,Manusia]"
image_878.jpg,"[Kerbau,Manusia]"
image_879.jpg,"[Kerbau,Manusia]"
image_880.jpg,"[Kerbau,Manusia]"
image_881.jpg,"[Kerbau,Manusia]"
image_882.jpg,"[Kerbau,Manusia]"
image_883.jpg,"[Kerbau,Manusia]"
image_884.jpg,"[Kerbau,Manusia]"
image_885.jpg,"[Manusia,Kerbau]"
image_886.jpg,"[Kerbau,Manusia]"
image_887.jpg,"[Kerbau,Manusia]"
image_888.jpg,"[Kerbau,Manusia]"
image_889.jpg,"[Kerbau,Manusia]"
image_890.jpg,"[Kerbau,Manusia]"
image_891.jpg,"[Kerbau,Manusia]"
image_892.jpg,"[Kerbau,Manusia]"
image_893.jpg,"[Kerbau,Manusia]"
image_894.jpg,"[Kerbau,Manusia]"
image_895.jpg,"[Kerbau,Manusia]"
image_896.jpg,"[Kerbau,Manusia]"
image_897.jpg,"[Kerbau,Manusia]"
image_898.jpg,"[Kerbau,Manusia]"
image_899.jpg,"[Manusia,Kerbau]"
image_900.jpg,"[Kerbau,Manusia]"
image_901.jpg,"[Kerbau,Manusia]"
image_902.jpg,"[Kerbau,Manusia]"
image_903.jpg,"[Kerbau,Manusia]"
image_904.jpg,"[Kerbau,Manusia]"
image_905.jpg,"[Kerbau,Manusia]"
image_906.jpg,"[Kerbau,Manusia,Truk]"
image_907.jpg,"[Kerbau,Manusia,Truk]"
image_908.jpg,"[Kerbau,Manusia,Truk]"
image_909.jpg,"[Kerbau,Manusia,Truk]"
image_910.jpg,"[Manusia,Truk,Kerbau]"
image_911.jpg,"[Manusia,Kerbau,Truk]"
image_912.jpg,"[Kerbau,Manusia,Truk]"
image_913.jpg,"[Kerbau,Manusia,Truk]"
image_914.jpg,"[Kerbau,Manusia,Truk]"
image_915.jpg,"[Kerbau,Manusia,Truk]"
image_916.jpg,"[Kerbau,Manusia,Truk]"
image_917.jpg,"[Kerbau,Manusia,Truk]"
image_918.jpg,"[Kerbau,Manusia,Truk]"
image_919.jpg,"[Kerbau,Manusia,Truk]"
image_920.jpg,"[Kerbau,Manusia,Truk]"
image_921.jpg,"[Kerbau,Manusia]"
image_922.jpg,"[Kerbau,Manusia]"
image_923.jpg,"[Kerbau,Manusia]"
image_924.jpg,"[Kerbau,Manusia,Truk]"
image_925.jpg,"[Kerbau,Manusia,Truk]"
image_926.jpg,"[Manusia,Truk,Kerbau]"
image_927.jpg,"[Kerbau,Manusia,Truk]"
image_928.jpg,"[Kerbau,Manusia,Truk]"
image_929.jpg,"[Kerbau,Manusia,Truk]"
image_930.jpg,"[Kerbau,Manusia,Truk]"
image_931.jpg,"[Kerbau,Manusia,Truk]"
image_932.jpg,"[Kerbau,Manusia]"
image_933.jpg,"[Kerbau,Manusia,Truk]"
image_934.jpg,"[Kerbau,Manusia]"
image_935.jpg,"[Kerbau,Manusia]"
image_936.jpg,"[Kerbau,Manusia]"
image_937.jpg,"[Kerbau,Manusia]"
image_938.jpg,"[Kerbau,Manusia]"
image_939.jpg,"[Kerbau,Manusia,Truk]"
image_940.jpg,"[Kerbau,Manusia,Truk]"
image_941.jpg,"[Kerbau,Manusia,Truk]"
image_942.jpg,"[Kerbau,Manusia]"
image_943.jpg,"[Kerbau,Manusia]"
image_944.jpg,[Kerbau]
image_945.jpg,"[Kerbau,Manusia]"
image_946.jpg,"[Kerbau,Manusia]"
image_947.jpg,"[Kerbau,Manusia]"
image_948.jpg,"[Kerbau,Manusia]"
image_949.jpg,"[Kerbau,Manusia]"
image_950.jpg,"[Kerbau,Manusia]"
image_951.jpg,"[Kerbau,Manusia]"
image_952.jpg,"[Kerbau,Manusia]"
image_953.jpg,"[Kerbau,Manusia]"
image_954.jpg,"[Kerbau,Manusia]"
image_955.jpg,"[Kerbau,Manusia]"
image_956.jpg,"[Kerbau,Manusia]"
image_957.jpg,"[Kerbau,Manusia]"
image_958.jpg,"[Kerbau,Manusia]"
image_959.jpg,"[Kerbau,Manusia]"
image_960.jpg,"[Kerbau,Manusia]"
image_961.jpg,"[Kerbau,Manusia]"
image_962.jpg,"[Kerbau,Manusia]"
image_963.jpg,"[Kerbau,Manusia]"
image_964.jpg,"[Kerbau,Manusia]"
image_965.jpg,"[Kerbau,Manusia]"
image_966.jpg,"[Kerbau,Manusia]"
image_967.jpg,"[Kerbau,Manusia]"
image_968.jpg,"[Kerbau,Manusia]"
image_969.jpg,"[Kerbau,Manusia]"
image_970.jpg,"[Kerbau,Manusia]"
image_971.jpg,"[Kerbau,Manusia]"
image_972.jpg,"[Kerbau,Manusia]"
image_973.jpg,"[Kerbau,Manusia]"
image_974.jpg,"[Kerbau,Manusia]"
image_975.jpg,"[Kerbau,Manusia]"
image_976.jpg,"[Kerbau,Manusia]"
image_977.jpg,"[Kerbau,Manusia]"
image_978.jpg,"[Kerbau,Manusia]"
image_979.jpg,"[Kerbau,Manusia]"
image_980.jpg,"[Kerbau,Manusia]"
image_981.jpg,"[Kerbau,Manusia]"
image_982.jpg,"[Kerbau,Manusia]"
image_983.jpg,"[Kerbau,Manusia]"
image_984.jpg,"[Kerbau,Manusia]"
image_985.jpg,"[Kerbau,Manusia]"
image_986.jpg,"[Kerbau,Manusia]"
image_987.jpg,"[Kerbau,Manusia]"
image_988.jpg,"[Kerbau,Manusia]"
image_989.jpg,"[Kerbau,Manusia]"
image_990.jpg,"[Kerbau,Manusia]"
image_991.jpg,"[Kerbau,Manusia]"
image_992.jpg,"[Kerbau,Manusia]"
image_993.jpg,"[Kerbau,Manusia]"
image_994.jpg,"[Kerbau,Manusia]"
image_995.jpg,"[Kerbau,Manusia]"
image_996.jpg,"[Kerbau,Manusia]"
image_997.jpg,"[Kerbau,Manusia]"
image_998.jpg,"[Kerbau,Manusia]"
image_999.jpg,"[Kerbau,Manusia]"
image_1000.jpg,"[Kerbau,Manusia]"
image_1001.jpg,"[Kerbau,Manusia]"
image_1002.jpg,"[Kerbau,Manusia]"
image_1003.jpg,"[Kerbau,Manusia]"
image_1004.jpg,"[Kerbau,Manusia]"
image_1005.jpg,"[Kerbau,Manusia]"
image_1006.jpg,"[Kerbau,Manusia]"
image_1007.jpg,"[Kerbau,Manusia]"
image_1008.jpg,"[Kerbau,Manusia]"
image_1009.jpg,"[Kerbau,Manusia]"
image_101.jpg,"[Kerbau,Manusia]"
image_1010.jpg,"[Kerbau,Manusia,Motor]"
image_1011.jpg,"[Kerbau,Manusia,Motor]"
image_1012.jpg,"[Kerbau,Manusia,Motor]"
image_1013.jpg,"[Kerbau,Manusia,Motor]"
image_1014.jpg,"[Kerbau,Manusia]"
image_1015.jpg,"[Kerbau,Manusia,Motor]"
image_1016.jpg,"[Kerbau,Manusia]"
image_1017.jpg,"[Kerbau,Manusia,Truk]"
image_1018.jpg,"[Kerbau,Manusia,Truk]"
image_1019.jpg,"[Kerbau,Manusia]"
image_102.jpg,"[Kerbau,Manusia]"
image_1020.jpg,"[Kerbau,Manusia]"
image_1021.jpg,"[Kerbau,Manusia]"
image_1022.jpg,"[Kerbau,Manusia]"
image_1023.jpg,"[Kerbau,Manusia,Truk]"
image_1024.jpg,"[Kerbau,Manusia,Truk]"
image_1025.jpg,"[Kerbau,Manusia]"
image_1026.jpg,"[Kerbau,Manusia]"
image_1027.jpg,"[Kerbau,Manusia]"
image_1028.jpg,"[Kerbau,Manusia]"
image_1029.jpg,"[Kerbau,Manusia]"
image_103.jpg,"[Kerbau,Manusia]"
image_1030.jpg,"[Kerbau,Manusia]"
image_1031.jpg,"[Kerbau,Manusia,Truk]"
image_1032.jpg,"[Kerbau,Manusia,Truk]"
image_1033.jpg,"[Kerbau,Manusia,Truk]"
image_1034.jpg,"[Kerbau,Manusia,Truk]"
image_1035.jpg,"[Kerbau,Manusia,Truk]"
image_1036.jpg,"[Kerbau,Manusia,Truk]"
image_1037.jpg,"[Kerbau,Manusia,Truk]"
image_1038.jpg,"[Kerbau,Manusia,Truk]"
image_1039.jpg,"[Kerbau,Manusia,Truk]"
image_104.jpg,"[Manusia,Kerbau]"
image_1040.jpg,"[Kerbau,Truk]"
image_1041.jpg,"[Kerbau,Manusia,Truk]"
image_1042.jpg,"[Kerbau,Manusia,Truk]"
image_1043.jpg,"[Kerbau,Manusia,Truk]"
image_1044.jpg,"[Kerbau,Manusia]"
image_1045.jpg,[Kerbau]
image_1046.jpg,"[Kerbau,Manusia]"
image_1047.jpg,"[Kerbau,Manusia]"
image_1048.jpg,"[Kerbau,Manusia]"
image_1049.jpg,[Kerbau]
image_105.jpg,"[Kerbau,Manusia]"
image_1050.jpg,[Kerbau]
image_1051.jpg,[Kerbau]
image_1052.jpg,[Kerbau]
image_1053.jpg,[Kerbau]
image_1054.jpg,"[Kerbau,Truk]"
image_1055.jpg,"[Kerbau,Truk]"
image_1056.jpg,"[Kerbau,Truk]"
image_1057.jpg,"[Kerbau,Truk]"
image_1058.jpg,"[Kerbau,Truk]"
image_1059.jpg,"[Kerbau,Manusia,Truk]"
image_106.jpg,"[Kerbau,Manusia]"
image_1060.jpg,"[Kerbau,Truk,Manusia]"
image_1061.jpg,"[Kerbau,Manusia,Truk]"
image_1062.jpg,"[Kerbau,Manusia,Truk]"
image_1063.jpg,"[Kerbau,Manusia,Truk]"
image_1064.jpg,"[Kerbau,Truk]"
image_1065.jpg,"[Kerbau,Truk]"
image_1066.jpg,"[Kerbau,Truk]"
image_1067.jpg,"[Kerbau,Truk]"
image_1068.jpg,"[Kerbau,Truk,Manusia]"
image_1069.jpg,"[Kerbau,Manusia,Truk]"
image_107.jpg,"[Kerbau,Manusia,Truk]"
image_1070.jpg,"[Kerbau,Truk]"
image_1071.jpg,"[Kerbau,Truk]"
image_1072.jpg,"[Kerbau,Truk]"
image_1073.jpg,"[Kerbau,Manusia,Truk]"
image_1074.jpg,"[Kerbau,Truk]"
image_1075.jpg,"[Kerbau,Truk]"
image_1076.jpg,"[Kerbau,Truk]"
image_1077.jpg,"[Kerbau,Truk]"
image_1078.jpg,"[Kerbau,Manusia,Truk]"
image_1079.jpg,"[Kerbau,Manusia,Truk]"
image_108.jpg,"[Kerbau,Manusia]"
image_1080.jpg,"[Kerbau,Truk]"
image_1081.jpg,"[Kerbau,Manusia,Truk]"
image_1082.jpg,"[Kerbau,Manusia,Truk]"
image_1083.jpg,"[Kerbau,Manusia]"
image_1084.jpg,"[Kerbau,Manusia]"
image_1085.jpg,"[Kerbau,Manusia]"
image_1086.jpg,"[Kerbau,Manusia]"
image_1087.jpg,[Kerbau]
image_1088.jpg,[Kerbau]
image_1089.jpg,"[Kerbau,Truk]"
image_109.jpg,"[Kerbau,Manusia]"
image_1090.jpg,"[Kerbau,Truk,Manusia]"
image_1091.jpg,"[Kerbau,Manusia,Truk]"
image_1092.jpg,"[Kerbau,Manusia,Truk]"
image_1093.jpg,"[Kerbau,Manusia,Truk]"
image_1094.jpg,"[Kerbau,Manusia,Truk]"
image_1095.jpg,"[Kerbau,Manusia,Truk]"
image_1096.jpg,"[Kerbau,Truk]"
image_1097.jpg,[Kerbau]
image_1098.jpg,[Kerbau]
image_1099.jpg,[Kerbau]
image_11.jpg,"[Kerbau,Manusia]"
image_110.jpg,"[Kerbau,Manusia]"
image_1100.jpg,"[Kerbau,Truk]"
image_1101.jpg,"[Kerbau,Truk]"
image_1102.jpg,"[Kerbau,Manusia]"
image_1103.jpg,"[Kerbau,Manusia]"
image_1104.jpg,"[Kerbau,Manusia]"
image_1105.jpg,"[Kerbau,Manusia]"
image_1106.jpg,"[Kerbau,Manusia]"
image_1107.jpg,"[Kerbau,Manusia]"
image_1108.jpg,"[Kerbau,Manusia]"
image_1109.jpg,"[Kerbau,Manusia]"
image_111.jpg,"[Kerbau,Manusia]"
image_1110.jpg,"[Kerbau,Manusia]"
image_1111.jpg,"[Kerbau,Manusia]"
image_1112.jpg,"[Kerbau,Manusia]"
image_1113.jpg,"[Kerbau,Manusia]"
image_1114.jpg,"[Kerbau,Manusia]"
image_1115.jpg,"[Kerbau,Manusia]"
image_1116.jpg,"[Kerbau,Manusia]"
image_1117.jpg,[Kerbau]
image_1118.jpg,[Kerbau]
image_1119.jpg,[Kerbau]
image_112.jpg,"[Kerbau,Manusia]"
image_1120.jpg,[Kerbau]
image_1121.jpg,"[Kerbau,Manusia]"
image_1122.jpg,"[Kerbau,Manusia]"
image_1123.jpg,"[Kerbau,Manusia]"
image_1124.jpg,[Kerbau]
image_1125.jpg,"[Kerbau,Manusia]"
image_1126.jpg,"[Kerbau,Manusia]"
image_1127.jpg,[Kerbau]
image_1128.jpg,[Kerbau]
image_1129.jpg,[Kerbau]
image_113.jpg,"[Kerbau,Manusia]"
image_1130.jpg,[Kerbau]
image_1131.jpg,"[Kerbau,Manusia]"
image_1132.jpg,"[Kerbau,Manusia]"
image_1133.jpg,"[Kerbau,Manusia]"
image_1134.jpg,"[Kerbau,Manusia]"
image_1135.jpg,"[Kerbau,Manusia]"
image_1136.jpg,"[Kerbau,Manusia]"
image_1137.jpg,"[Kerbau,Manusia]"
image_1138.jpg,"[Kerbau,Manusia]"
image_1139.jpg,"[Kerbau,Manusia]"
image_114.jpg,"[Kerbau,Manusia]"
image_1140.jpg,[Kerbau]
image_1141.jpg,[Kerbau]
image_1142.jpg,[Kerbau]
image_1143.jpg,[Kerbau]
image_1144.jpg,"[Kerbau,Manusia,Truk]"
image_1145.jpg,"[Kerbau,Manusia,Truk]"
image_1146.jpg,"[Kerbau,Manusia,Truk]"
image_1147.jpg,"[Kerbau,Manusia,Truk]"
image_1148.jpg,"[Kerbau,Manusia,Truk]"
image_1149.jpg,"[Kerbau,Manusia,Truk]"
image_115.jpg,"[Kerbau,Manusia]"
image_1150.jpg,"[Kerbau,Manusia,Truk]"
image_1151.jpg,"[Kerbau,Manusia]"
image_1152.jpg,"[Kerbau,Manusia]"
image_1153.jpg,"[Kerbau,Manusia,Truk]"
image_1154.jpg,"[Kerbau,Manusia,Truk]"
image_1155.jpg,"[Kerbau,Manusia,Truk]"
image_1156.jpg,"[Kerbau,Manusia,Truk]"
image_1157.jpg,"[Kerbau,Manusia,Truk]"
image_1158.jpg,"[Kerbau,Manusia,Truk]"
image_1159.jpg,"[Kerbau,Manusia,Truk]"
image_116.jpg,"[Manusia,Kerbau]"
image_1160.jpg,"[Kerbau,Manusia,Truk]"
image_1161.jpg,"[Kerbau,Manusia,Truk]"
image_1162.jpg,"[Kerbau,Manusia,Truk]"
image_1163.jpg,"[Kerbau,Manusia,Truk]"
image_1164.jpg,"[Kerbau,Manusia]"
image_1165.jpg,"[Kerbau,Manusia]"
image_1166.jpg,"[Kerbau,Manusia]"
image_1167.jpg,"[Kerbau,Manusia]"
image_1168.jpg,"[Kerbau,Manusia,Truk]"
image_1169.jpg,"[Kerbau,Manusia,Truk]"
image_117.jpg,"[Kerbau,Manusia]"
image_1170.jpg,"[Kerbau,Manusia]"
image_1171.jpg,"[Kerbau,Manusia]"
image_1172.jpg,"[Kerbau,Manusia]"
image_1173.jpg,"[Kerbau,Manusia]"
image_1174.jpg,"[Kerbau,Manusia]"
image_1175.jpg,"[Kerbau,Manusia]"
image_1176.jpg,"[Kerbau,Manusia]"
image_1177.jpg,"[Kerbau,Manusia]"
image_1178.jpg,"[Kerbau,Manusia]"
image_1179.jpg,"[Kerbau,Manusia]"
image_118.jpg,"[Kerbau,Manusia]"
image_1180.jpg,"[Kerbau,Manusia]"
image_1181.jpg,"[Kerbau,Manusia]"
image_1182.jpg,"[Manusia,Kerbau]"
image_1183.jpg,"[Kerbau,Manusia]"
image_1184.jpg,"[Kerbau,Manusia]"
image_1185.jpg,"[Kerbau,Manusia]"
image_1186.jpg,"[Kerbau,Manusia]"
image_1187.jpg,"[Kerbau,Manusia]"
image_1188.jpg,"[Kerbau,Manusia]"
image_1189.jpg,"[Kerbau,Manusia]"
image_119.jpg,"[Kerbau,Manusia]"
image_1190.jpg,"[Kerbau,Manusia]"
image_1191.jpg,"[Kerbau,Manusia]"
image_1192.jpg,"[Kerbau,Manusia]"
image_1193.jpg,"[Kerbau,Manusia]"
image_1194.jpg,"[Kerbau,Manusia]"
image_1195.jpg,"[Kerbau,Manusia]"
image_1196.jpg,"[Kerbau,Manusia,Truk]"
image_1197.jpg,"[Kerbau,Manusia]"
image_1198.jpg,"[Kerbau,Manusia,Truk]"
image_1199.jpg,"[Kerbau,Manusia,Truk]"
image_12.jpg,"[Kerbau,Manusia]"
image_120.jpg,"[Kerbau,Manusia]"
image_1200.jpg,"[Kerbau,Manusia,Truk]"
image_1201.jpg,"[Kerbau,Manusia,Truk]"
image_1202.jpg,"[Kerbau,Manusia,Truk]"
image_1203.jpg,"[Kerbau,Manusia,Truk]"
image_1204.jpg,"[Kerbau,Manusia,Truk]"
image_1205.jpg,"[Kerbau,Manusia,Truk]"
image_1206.jpg,"[Kerbau,Manusia,Truk]"
image_1207.jpg,"[Kerbau,Manusia,Truk]"
image_1208.jpg,"[Kerbau,Manusia,Truk]"
image_1209.jpg,"[Kerbau,Manusia,Truk]"
image_121.jpg,"[Kerbau,Manusia]"
image_1210.jpg,"[Kerbau,Manusia,Truk]"
image_1211.jpg,"[Kerbau,Manusia,Truk]"
image_1212.jpg,"[Kerbau,Manusia,Truk]"
image_1213.jpg,"[Kerbau,Manusia,Truk]"
image_1214.jpg,"[Kerbau,Manusia,Truk]"
image_1215.jpg,"[Kerbau,Manusia,Truk]"
image_1216.jpg,"[Kerbau,Manusia,Truk]"
image_1217.jpg,"[Kerbau,Manusia,Truk]"
image_1218.jpg,"[Kerbau,Manusia]"
image_1219.jpg,"[Kerbau,Manusia]"
image_122.jpg,"[Kerbau,Manusia]"
image_1220.jpg,"[Kerbau,Manusia,Truk]"
image_1221.jpg,"[Kerbau,Manusia,Truk]"
image_1222.jpg,"[Kerbau,Manusia,Truk]"
image_1223.jpg,"[Kerbau,Manusia,Truk]"
image_1224.jpg,"[Kerbau,Manusia,Truk]"
image_1225.jpg,"[Kerbau,Manusia,Truk]"
image_1226.jpg,"[Kerbau,Manusia,Truk]"
image_1227.jpg,"[Manusia,Kerbau,Truk]"
image_1228.jpg,"[Kerbau,Manusia]"
image_1229.jpg,"[Kerbau,Manusia]"
image_123.jpg,"[Kerbau,Manusia]"
image_1230.jpg,"[Kerbau,Manusia]"
image_1231.jpg,"[Kerbau,Manusia]"
image_1232.jpg,"[Kerbau,Manusia]"
image_1233.jpg,"[Kerbau,Manusia]"
image_1234.jpg,"[Kerbau,Manusia]"
image_1235.jpg,"[Manusia,Kerbau]"
image_1236.jpg,"[Kerbau,Manusia]"
image_1237.jpg,"[Kerbau,Manusia]"
image_1238.jpg,"[Kerbau,Manusia]"
image_1239.jpg,"[Kerbau,Manusia]"
image_124.jpg,"[Kerbau,Manusia]"
image_1240.jpg,"[Kerbau,Manusia]"
image_1241.jpg,"[Kerbau,Manusia]"
image_1242.jpg,"[Kerbau,Manusia]"
image_1243.jpg,"[Kerbau,Manusia]"
image_1244.jpg,"[Kerbau,Manusia]"
image_1245.jpg,"[Kerbau,Manusia]"
image_1246.jpg,"[Manusia,Kerbau]"
image_1247.jpg,"[Kerbau,Manusia]"
image_1248.jpg,"[Kerbau,Manusia]"
image_1249.jpg,"[Kerbau,Manusia]"
image_125.jpg,"[Kerbau,Manusia]"
image_1250.jpg,"[Kerbau,Manusia]"
image_1251.jpg,"[Kerbau,Manusia]"
image_1252.jpg,"[Kerbau,Manusia]"
image_1253.jpg,"[Kerbau,Manusia]"
image_1254.jpg,"[Kerbau,Manusia]"
image_1255.jpg,"[Kerbau,Manusia]"
image_1256.jpg,"[Kerbau,Manusia]"
image_1257.jpg,"[Kerbau,Manusia,Truk]"
image_1258.jpg,"[Kerbau,Manusia,Truk]"
image_1259.jpg,"[Kerbau,Manusia,Truk]"
image_126.jpg,"[Kerbau,Manusia]"
image_1260.jpg,"[Kerbau,Manusia,Truk]"
image_1261.jpg,"[Kerbau,Manusia,Truk]"
image_1262.jpg,[Kerbau]
image_1263.jpg,[Kerbau]
image_1264.jpg,"[Kerbau,Manusia,Truk]"
image_1265.jpg,"[Kerbau,Manusia,Truk]"
image_1266.jpg,"[Kerbau,Manusia,Truk]"
image_1267.jpg,"[Kerbau,Manusia,Truk]"
image_1268.jpg,"[Kerbau,Manusia,Truk]"
image_1269.jpg,"[Kerbau,Manusia,Truk]"
image_127.jpg,"[Kerbau,Manusia]"
image_1270.jpg,"[Kerbau,Manusia,Truk]"
image_1271.jpg,"[Kerbau,Manusia,Truk]"
image_1272.jpg,"[Kerbau,Manusia,Truk]"
image_1273.jpg,"[Kerbau,Manusia,Truk]"
image_1274.jpg,"[Kerbau,Manusia,Truk]"
image_1275.jpg,"[Kerbau,Manusia,Truk]"
image_1276.jpg,"[Kerbau,Manusia,Truk]"
image_1277.jpg,"[Kerbau,Manusia,Truk]"
image_1278.jpg,"[Kerbau,Manusia,Truk]"
image_1279.jpg,"[Kerbau,Manusia,Truk]"
image_128.jpg,"[Kerbau,Manusia]"
image_1280.jpg,"[Kerbau,Manusia]"
image_1281.jpg,"[Kerbau,Manusia]"
image_1282.jpg,"[Manusia,Kerbau]"
image_1283.jpg,"[Kerbau,Manusia]"
image_1284.jpg,"[Kerbau,Manusia]"
image_1285.jpg,"[Kerbau,Manusia]"
image_1286.jpg,"[Kerbau,Manusia]"
image_1287.jpg,[Kerbau]
image_1288.jpg,[Kerbau]
image_1289.jpg,[Kerbau]
image_129.jpg,"[Kerbau,Manusia]"
image_1290.jpg,[Kerbau]
image_1291.jpg,[Kerbau]
image_1292.jpg,[Kerbau]
image_1293.jpg,[Kerbau]
image_1294.jpg,[Kerbau]
image_1295.jpg,[Kerbau]
image_1296.jpg,[Kerbau]
image_1297.jpg,[Kerbau]
image_1298.jpg,[Kerbau]
image_1299.jpg,"[Kerbau,Manusia]"
image_13.jpg,"[Kerbau,Manusia]"
image_130.jpg,"[Kerbau,Manusia]"
image_1300.jpg,"[Kerbau,Manusia]"
image_1301.jpg,"[Manusia,Kerbau]"
image_1302.jpg,"[Kerbau,Manusia]"
image_1303.jpg,"[Kerbau,Manusia]"
image_1304.jpg,"[Kerbau,Manusia]"
image_1305.jpg,"[Kerbau,Manusia]"
image_1306.jpg,"[Manusia,Kerbau]"
image_1307.jpg,"[Kerbau,Manusia]"
image_1308.jpg,"[Manusia,Kerbau]"
image_1309.jpg,"[Kerbau,Manusia]"
image_131.jpg,"[Kerbau,Manusia]"
image_1310.jpg,"[Kerbau,Manusia]"
image_1311.jpg,"[Kerbau,Manusia,Truk]"
image_1312.jpg,"[Kerbau,Manusia,Truk]"
image_1313.jpg,"[Kerbau,Manusia]"
image_1314.jpg,"[Kerbau,Manusia]"
image_1315.jpg,[Kerbau]
image_1316.jpg,"[Kerbau,Manusia,Truk]"
image_1317.jpg,"[Manusia,Kerbau,Truk]"
image_1318.jpg,"[Kerbau,Manusia]"
image_1319.jpg,"[Kerbau,Manusia]"
image_132.jpg,"[Kerbau,Manusia]"
image_1320.jpg,"[Kerbau,Manusia]"
image_1321.jpg,"[Kerbau,Manusia]"
image_1322.jpg,"[Manusia,Kerbau]"
image_1323.jpg,"[Kerbau,Manusia]"
image_1324.jpg,"[Kerbau,Manusia]"
image_1325.jpg,"[Manusia,Kerbau]"
image_1326.jpg,"[Kerbau,Manusia]"
image_1327.jpg,"[Kerbau,Manusia]"
image_1328.jpg,"[Kerbau,Manusia]"
image_1329.jpg,[Kerbau]
image_133.jpg,"[Manusia,Kerbau]"
image_1330.jpg,[Kerbau]
image_1331.jpg,[Kerbau]
image_1332.jpg,[Kerbau]
image_1333.jpg,[Kerbau]
image_1334.jpg,[Kerbau]
image_1335.jpg,[Kerbau]
image_1336.jpg,[Kerbau]
image_1337.jpg,[Kerbau]
image_1338.jpg,[Kerbau]
image_1339.jpg,[Kerbau]
image_134.jpg,[Kerbau]
image_1340.jpg,"[Kerbau,Manusia]"
image_1341.jpg,"[Kerbau,Manusia]"
image_1342.jpg,"[Kerbau,Manusia,Truk]"
image_1343.jpg,"[Manusia,Kerbau,Truk]"
image_1344.jpg,"[Kerbau,Manusia,Truk]"
image_1345.jpg,"[Kerbau,Manusia,Truk]"
image_1346.jpg,"[Kerbau,Manusia,Truk]"
image_1347.jpg,"[Kerbau,Manusia,Truk]"
image_1348.jpg,"[Kerbau,Manusia,Truk]"
image_1349.jpg,"[Kerbau,Manusia,Truk]"
image_135.jpg,[Kerbau]
image_1350.jpg,"[Manusia,Kerbau,Truk]"
image_1351.jpg,[Kerbau]
image_1352.jpg,"[Kerbau,Manusia]"
image_1353.jpg,"[Kerbau,Manusia,Truk]"
image_1354.jpg,"[Kerbau,Manusia,Truk]"
image_1355.jpg,"[Kerbau,Manusia,Truk]"
image_1356.jpg,"[Kerbau,Manusia,Truk]"
image_1357.jpg,"[Kerbau,Manusia,Truk]"
image_1358.jpg,"[Kerbau,Manusia,Truk]"
image_1359.jpg,"[Kerbau,Manusia,Truk]"
image_136.jpg,[Kerbau]
image_1360.jpg,"[Kerbau,Manusia,Truk]"
image_1361.jpg,"[Kerbau,Manusia,Truk]"
image_1362.jpg,"[Kerbau,Manusia,Truk]"
image_1363.jpg,"[Kerbau,Manusia,Truk]"
image_1364.jpg,"[Kerbau,Manusia,Truk]"
image_1365.jpg,"[Kerbau,Manusia]"
image_1366.jpg,"[Kerbau,Manusia,Truk]"
image_1367.jpg,"[Kerbau,Manusia,Truk]"
image_1368.jpg,"[Kerbau,Manusia,Truk]"
image_1369.jpg,"[Kerbau,Manusia,Truk]"
image_137.jpg,[Kerbau]
image_1370.jpg,"[Kerbau,Manusia,Truk]"
image_1371.jpg,"[Kerbau,Manusia,Truk]"
image_1372.jpg,"[Kerbau,Manusia,Truk]"
image_1373.jpg,"[Kerbau,Manusia,Truk]"
image_1374.jpg,"[Kerbau,Manusia,Truk]"
image_1375.jpg,"[Kerbau,Manusia]"
image_1376.jpg,"[Kerbau,Manusia]"
image_1377.jpg,"[Kerbau,Manusia]"
image_1378.jpg,"[Kerbau,Manusia]"
image_1379.jpg,"[Kerbau,Manusia]"
image_138.jpg,[Kerbau]
image_1380.jpg,"[Kerbau,Manusia]"
image_1381.jpg,"[Kerbau,Manusia]"
image_1382.jpg,"[Kerbau,Manusia,Motor]"
image_1383.jpg,"[Kerbau,Manusia,Motor]"
image_1384.jpg,"[Kerbau,Manusia]"
image_1385.jpg,"[Kerbau,Manusia]"
image_1386.jpg,[Kerbau]
image_1387.jpg,"[Kerbau,Truk]"
image_1388.jpg,"[Kerbau,Motor]"
image_1389.jpg,"[Kerbau,Motor]"
image_139.jpg,"[Manusia,Kerbau]"
image_1390.jpg,"[Kerbau,Motor]"
image_1391.jpg,"[Kerbau,Motor]"
image_1392.jpg,"[Kerbau,Motor]"
image_1393.jpg,"[Kerbau,Manusia,Motor]"
image_1394.jpg,"[Kerbau,Manusia,Motor]"
image_1395.jpg,"[Kerbau,Manusia,Motor]"
image_1396.jpg,"[Kerbau,Manusia,Motor]"
image_1397.jpg,"[Kerbau,Manusia,Motor]"
image_1398.jpg,"[Kerbau,Motor,Manusia]"
image_1399.jpg,"[Kerbau,Motor]"
image_14.jpg,"[Kerbau,Manusia]"
image_140.jpg,"[Manusia,Kerbau]"
image_1400.jpg,"[Kerbau,Manusia,Motor]"
image_1401.jpg,"[Kerbau,Motor]"
image_1402.jpg,"[Kerbau,Motor,Manusia]"
image_1403.jpg,"[Kerbau,Motor,Manusia]"
image_1404.jpg,"[Kerbau,Manusia,Motor]"
image_1405.jpg,"[Kerbau,Manusia,Motor]"
image_1406.jpg,"[Manusia,Motor,Kerbau]"
image_1407.jpg,"[Kerbau,Motor,Manusia]"
image_1408.jpg,"[Manusia,Motor,Kerbau]"
image_1409.jpg,"[Kerbau,Manusia,Motor]"
image_141.jpg,"[Kerbau,Manusia]"
image_1410.jpg,"[Kerbau,Manusia,Motor]"
image_1411.jpg,"[Kerbau,Manusia,Motor]"
image_1412.jpg,"[Kerbau,Manusia,Motor]"
image_1413.jpg,"[Kerbau,Manusia,Motor]"
image_1414.jpg,"[Kerbau,Manusia,Motor]"
image_1415.jpg,"[Kerbau,Manusia,Motor]"
image_1416.jpg,"[Kerbau,Manusia,Motor]"
image_1417.jpg,"[Kerbau,Manusia,Motor]"
image_1418.jpg,"[Kerbau,Manusia,Motor]"
image_1419.jpg,"[Kerbau,Manusia,Motor]"
image_142.jpg,"[Kerbau,Manusia]"
image_1420.jpg,"[Kerbau,Manusia]"
image_1421.jpg,"[Kerbau,Manusia,Motor]"
image_1422.jpg,"[Kerbau,Manusia]"
image_1423.jpg,"[Kerbau,Manusia]"
image_1424.jpg,"[Kerbau,Manusia]"
image_1425.jpg,"[Kerbau,Manusia]"
image_1426.jpg,"[Kerbau,Manusia]"
image_1427.jpg,"[Kerbau,Manusia]"
image_1428.jpg,"[Kerbau,Manusia]"
image_1429.jpg,"[Kerbau,Manusia]"
image_143.jpg,"[Kerbau,Manusia]"
image_1430.jpg,"[Kerbau,Manusia]"
image_1431.jpg,"[Kerbau,Manusia]"
image_1432.jpg,"[Kerbau,Manusia]"
image_1433.jpg,"[Kerbau,Manusia]"
image_1434.jpg,"[Kerbau,Manusia,Truk]"
image_1435.jpg,"[Kerbau,Manusia]"
image_1436.jpg,"[Kerbau,Manusia]"
image_1437.jpg,"[Kerbau,Manusia]"
image_1438.jpg,"[Kerbau,Manusia]"
image_1439.jpg,"[Kerbau,Manusia]"
image_144.jpg,"[Kerbau,Manusia]"
image_1440.jpg,"[Kerbau,Manusia,Motor]"
image_1441.jpg,[Kerbau]
image_1442.jpg,"[Kerbau,Manusia]"
image_1443.jpg,"[Kerbau,Manusia,Truk]"
image_1444.jpg,"[Kerbau,Manusia,Truk]"
image_1445.jpg,"[Kerbau,Manusia,Truk]"
image_1446.jpg,"[Kerbau,Manusia]"
image_1447.jpg,"[Kerbau,Manusia]"
image_1448.jpg,"[Kerbau,Manusia]"
image_1449.jpg,"[Kerbau,Manusia]"
image_145.jpg,"[Kerbau,Manusia]"
image_1450.jpg,"[Kerbau,Manusia]"
image_1451.jpg,"[Kerbau,Manusia]"
image_1452.jpg,"[Kerbau,Manusia]"
image_1453.jpg,"[Kerbau,Manusia]"
image_1454.jpg,"[Manusia,Kerbau]"
image_1455.jpg,"[Kerbau,Manusia]"
image_1456.jpg,"[Kerbau,Manusia,Truk]"
image_1457.jpg,"[Kerbau,Manusia,Truk]"
image_1458.jpg,"[Kerbau,Manusia,Motor]"
image_1459.jpg,"[Kerbau,Manusia,Motor]"
image_146.jpg,[Kerbau]
image_1460.jpg,"[Kerbau,Manusia,Motor]"
image_1461.jpg,"[Kerbau,Manusia,Motor]"
image_1462.jpg,"[Kerbau,Manusia,Motor]"
image_1463.jpg,"[Kerbau,Manusia,Motor]"
image_1464.jpg,"[Kerbau,Manusia,Motor]"
image_1465.jpg,"[Kerbau,Manusia,Motor]"
image_1466.jpg,"[Kerbau,Manusia,Motor]"
image_1467.jpg,[Kerbau]
image_1468.jpg,[Kerbau]
image_1469.jpg,[Kerbau]
image_147.jpg,[Kerbau]
image_1470.jpg,[Kerbau]
image_1471.jpg,"[Kerbau,Motor]"
image_1472.jpg,"[Kerbau,Motor]"
image_1473.jpg,"[Kerbau,Motor]"
image_1474.jpg,"[Kerbau,Motor]"
image_1475.jpg,"[Kerbau,Motor]"
image_1476.jpg,"[Kerbau,Motor]"
image_1477.jpg,"[Kerbau,Motor]"
image_1478.jpg,"[Kerbau,Motor]"
image_1479.jpg,"[Kerbau,Motor]"
image_148.jpg,[Kerbau]
image_1480.jpg,"[Kerbau,Motor]"
image_1481.jpg,"[Kerbau,Motor]"
image_1482.jpg,"[Kerbau,Motor]"
image_1483.jpg,[Kerbau]
image_1484.jpg,"[Kerbau,Motor,Manusia]"
image_1485.jpg,"[Kerbau,Manusia,Motor]"
image_1486.jpg,"[Kerbau,Manusia,Motor]"
image_1487.jpg,"[Kerbau,Manusia,Motor]"
image_1488.jpg,"[Kerbau,Manusia,Motor]"
image_1489.jpg,"[Kerbau,Manusia,Motor,Truk]"
image_149.jpg,[Kerbau]
image_1490.jpg,"[Kerbau,Manusia,Motor]"
image_1491.jpg,"[Kerbau,Manusia,Motor]"
image_1492.jpg,"[Kerbau,Manusia]"
image_1493.jpg,"[Kerbau,Manusia]"
image_1494.jpg,"[Kerbau,Manusia]"
image_1495.jpg,"[Kerbau,Manusia]"
image_1496.jpg,"[Kerbau,Manusia]"
image_1497.jpg,"[Kerbau,Manusia]"
image_1498.jpg,"[Kerbau,Manusia]"
image_1499.jpg,"[Kerbau,Manusia]"
image_15.jpg,"[Kerbau,Manusia]"
image_150.jpg,[Kerbau]
image_1500.jpg,"[Kerbau,Manusia]"
image_1501.jpg,"[Kerbau,Manusia]"
image_1502.jpg,"[Kerbau,Manusia]"
image_1503.jpg,"[Kerbau,Manusia]"
image_1504.jpg,"[Kerbau,Manusia]"
image_1505.jpg,"[Kerbau,Manusia]"
image_1506.jpg,"[Kerbau,Manusia]"
image_1507.jpg,"[Kerbau,Manusia]"
image_1508.jpg,"[Kerbau,Manusia]"
image_1509.jpg,"[Kerbau,Manusia]"
image_151.jpg,[Kerbau]
image_1510.jpg,"[Kerbau,Manusia]"
image_1511.jpg,"[Kerbau,Manusia]"
image_1512.jpg,"[Kerbau,Manusia]"
image_1513.jpg,"[Kerbau,Manusia]"
image_1514.jpg,"[Kerbau,Manusia]"
image_1515.jpg,"[Kerbau,Manusia]"
image_1516.jpg,"[Kerbau,Manusia]"
image_1517.jpg,"[Manusia,Kerbau]"
image_1518.jpg,"[Kerbau,Manusia]"
image_1519.jpg,"[Kerbau,Manusia]"
image_152.jpg,[Kerbau]
image_1520.jpg,"[Kerbau,Manusia]"
image_1521.jpg,"[Kerbau,Manusia]"
image_1522.jpg,"[Manusia,Kerbau]"
image_1523.jpg,"[Kerbau,Manusia]"
image_1524.jpg,"[Kerbau,Manusia]"
image_1525.jpg,"[Kerbau,Manusia]"
image_1526.jpg,"[Kerbau,Manusia]"
image_1527.jpg,"[Kerbau,Manusia]"
image_1528.jpg,"[Kerbau,Manusia]"
image_1529.jpg,"[Kerbau,Manusia]"
image_153.jpg,[Kerbau]
image_1530.jpg,"[Kerbau,Manusia]"
image_1531.jpg,"[Kerbau,Manusia]"
image_1532.jpg,"[Kerbau,Manusia]"
image_1533.jpg,"[Kerbau,Manusia]"
image_1534.jpg,"[Kerbau,Manusia]"
image_1535.jpg,"[Kerbau,Manusia]"
image_1536.jpg,"[Kerbau,Manusia]"
image_1537.jpg,"[Kerbau,Manusia]"
image_1538.jpg,"[Kerbau,Manusia]"
image_1539.jpg,"[Kerbau,Manusia]"
image_154.jpg,[Kerbau]
image_1540.jpg,"[Kerbau,Manusia]"
image_1541.jpg,[Kerbau]
image_1542.jpg,[Kerbau]
image_1543.jpg,[Kerbau]
image_1544.jpg,[Kerbau]
image_1545.jpg,[Kerbau]
image_1546.jpg,"[Kerbau,Manusia]"
image_1547.jpg,"[Kerbau,Manusia]"
image_1548.jpg,"[Kerbau,Manusia]"
image_1549.jpg,"[Kerbau,Manusia]"
image_155.jpg,[Kerbau]
image_1550.jpg,"[Kerbau,Manusia]"
image_1551.jpg,"[Kerbau,Manusia]"
image_1552.jpg,[Kerbau]
image_1553.jpg,[Kerbau]
image_1554.jpg,[Kerbau]
image_1555.jpg,[Kerbau]
image_1556.jpg,[Kerbau]
image_1557.jpg,[Kerbau]
image_1558.jpg,"[Kerbau,Manusia]"
image_1559.jpg,"[Kerbau,Manusia]"
image_156.jpg,[Kerbau]
image_1560.jpg,"[Kerbau,Manusia]"
image_1561.jpg,"[Kerbau,Manusia]"
image_1562.jpg,"[Manusia,Kerbau]"
image_1563.jpg,"[Kerbau,Manusia]"
image_1564.jpg,"[Kerbau,Manusia]"
image_1565.jpg,"[Kerbau,Manusia]"
image_1566.jpg,"[Kerbau,Manusia]"
image_1567.jpg,[Kerbau]
image_1568.jpg,"[Kerbau,Manusia]"
image_1569.jpg,"[Kerbau,Manusia,Motor]"
image_157.jpg,[Kerbau]
image_1570.jpg,"[Kerbau,Manusia,Motor]"
image_1571.jpg,"[Kerbau,Manusia,Motor]"
image_1572.jpg,"[Kerbau,Manusia]"
image_1573.jpg,"[Kerbau,Manusia,Motor]"
image_1574.jpg,"[Kerbau,Manusia,Motor]"
image_1575.jpg,"[Kerbau,Manusia,Motor]"
image_1576.jpg,"[Kerbau,Manusia,Motor]"
image_1577.jpg,"[Kerbau,Manusia]"
image_1578.jpg,"[Kerbau,Manusia]"
image_1579.jpg,"[Kerbau,Manusia]"
image_158.jpg,[Kerbau]
image_1580.jpg,"[Kerbau,Manusia]"
image_1581.jpg,"[Kerbau,Manusia]"
image_1582.jpg,"[Kerbau,Manusia]"
image_1583.jpg,"[Kerbau,Manusia]"
image_1584.jpg,"[Kerbau,Manusia]"
image_1585.jpg,"[Manusia,Kerbau]"
image_1586.jpg,"[Kerbau,Manusia]"
image_1587.jpg,"[Kerbau,Manusia]"
image_1588.jpg,"[Kerbau,Manusia]"
image_1589.jpg,"[Kerbau,Manusia]"
image_159.jpg,[Kerbau]
image_1590.jpg,"[Kerbau,Manusia]"
image_1591.jpg,"[Kerbau,Manusia]"
image_1592.jpg,"[Kerbau,Manusia]"
image_1593.jpg,"[Kerbau,Manusia]"
image_1594.jpg,"[Kerbau,Manusia]"
image_1595.jpg,"[Kerbau,Manusia,Truk]"
image_1596.jpg,"[Kerbau,Manusia,Truk]"
image_1597.jpg,"[Kerbau,Manusia,Truk]"
image_1598.jpg,"[Kerbau,Manusia,Truk]"
image_1599.jpg,"[Kerbau,Manusia,Truk]"
image_16.jpg,"[Kerbau,Manusia]"
image_160.jpg,[Kerbau]
image_1600.jpg,"[Kerbau,Manusia,Truk]"
image_1601.jpg,"[Kerbau,Manusia,Truk]"
image_1602.jpg,"[Kerbau,Manusia,Truk]"
image_1603.jpg,"[Kerbau,Manusia,Truk]"
image_1604.jpg,"[Kerbau,Manusia,Truk]"
image_1605.jpg,[Kerbau]
image_1606.jpg,[Kerbau]
image_1607.jpg,[Kerbau]
image_1608.jpg,[Kerbau]
image_1609.jpg,[Kerbau]
image_161.jpg,[Kerbau]
image_1610.jpg,[Kerbau]
image_1611.jpg,[Kerbau]
image_1612.jpg,[Kerbau]
image_1613.jpg,"[Kerbau,Manusia]"
image_1614.jpg,"[Kerbau,Manusia]"
image_1615.jpg,[Manusia]
image_1616.jpg,"[Kerbau,Manusia]"
image_1617.jpg,"[Kerbau,Manusia]"
image_1618.jpg,"[Kerbau,Manusia]"
image_1619.jpg,"[Kerbau,Manusia]"
image_162.jpg,[Kerbau]
image_1620.jpg,"[Kerbau,Manusia]"
image_1621.jpg,"[Kerbau,Manusia]"
image_1622.jpg,"[Kerbau,Manusia]"
image_1623.jpg,"[Kerbau,Manusia]"
image_1624.jpg,"[Kerbau,Manusia,Truk]"
image_1625.jpg,"[Kerbau,Manusia]"
image_1626.jpg,"[Kerbau,Manusia,Truk]"
image_1627.jpg,"[Kerbau,Manusia,Truk]"
image_1628.jpg,"[Kerbau,Manusia]"
image_1629.jpg,"[Kerbau,Manusia]"
image_163.jpg,[Kerbau]
image_1630.jpg,"[Kerbau,Manusia]"
image_1631.jpg,"[Kerbau,Manusia]"
image_1632.jpg,"[Kerbau,Manusia]"
image_1633.jpg,"[Kerbau,Manusia]"
image_1634.jpg,"[Kerbau,Manusia]"
image_1635.jpg,"[Kerbau,Manusia]"
image_1636.jpg,"[Kerbau,Manusia]"
image_1637.jpg,"[Kerbau,Manusia]"
image_1638.jpg,"[Kerbau,Manusia]"
image_1639.jpg,"[Kerbau,Manusia]"
image_164.jpg,[Kerbau]
image_1640.jpg,"[Kerbau,Manusia]"
image_1641.jpg,"[Kerbau,Manusia]"
image_1642.jpg,"[Kerbau,Manusia]"
image_1643.jpg,"[Kerbau,Manusia]"
image_1644.jpg,"[Kerbau,Manusia]"
image_1645.jpg,"[Kerbau,Manusia]"
image_1646.jpg,"[Kerbau,Manusia]"
image_1647.jpg,"[Kerbau,Manusia]"
image_1648.jpg,"[Kerbau,Manusia]"
image_1649.jpg,"[Kerbau,Manusia]"
image_165.jpg,[Kerbau]
image_1650.jpg,"[Kerbau,Manusia]"
image_1651.jpg,"[Kerbau,Manusia]"
image_1652.jpg,"[Kerbau,Manusia]"
image_1653.jpg,"[Kerbau,Manusia]"
image_1654.jpg,"[Kerbau,Manusia]"
image_1655.jpg,"[Kerbau,Manusia]"
image_1656.jpg,"[Kerbau,Manusia]"
image_1657.jpg,"[Kerbau,Manusia]"
image_1658.jpg,"[Kerbau,Manusia]"
image_1659.jpg,"[Kerbau,Manusia]"
image_166.jpg,[Kerbau]
image_1660.jpg,"[Kerbau,Manusia]"
image_1661.jpg,"[Kerbau,Manusia]"
image_1662.jpg,"[Kerbau,Manusia]"
image_1663.jpg,"[Kerbau,Manusia]"
image_1664.jpg,"[Kerbau,Manusia]"
image_1665.jpg,"[Kerbau,Manusia]"
image_1666.jpg,"[Kerbau,Manusia]"
image_1667.jpg,"[Kerbau,Manusia]"
image_1669.jpg,"[Kerbau,Manusia]"
image_167.jpg,[Kerbau]
image_1670.jpg,"[Kerbau,Manusia]"
image_1671.jpg,"[Kerbau,Manusia]"
image_1672.jpg,"[Kerbau,Manusia]"
image_1673.jpg,"[Kerbau,Manusia]"
image_1674.jpg,"[Kerbau,Manusia]"
image_1675.jpg,"[Kerbau,Manusia]"
image_1676.jpg,"[Kerbau,Manusia]"
image_1677.jpg,"[Kerbau,Manusia]"
image_1678.jpg,"[Kerbau,Manusia]"
image_1679.jpg,"[Kerbau,Manusia]"
image_168.jpg,[Kerbau]
image_1680.jpg,[Kerbau]
image_1681.jpg,"[Kerbau,Manusia]"
image_1682.jpg,"[Kerbau,Manusia]"
image_1683.jpg,"[Manusia,Kerbau]"
image_1684.jpg,"[Kerbau,Manusia]"
image_1685.jpg,"[Kerbau,Manusia]"
image_1686.jpg,"[Kerbau,Manusia]"
image_1687.jpg,"[Kerbau,Manusia]"
image_1688.jpg,"[Kerbau,Manusia]"
image_1689.jpg,"[Kerbau,Manusia]"
image_169.jpg,[Kerbau]
image_1690.jpg,"[Kerbau,Manusia]"
image_1691.jpg,"[Kerbau,Manusia]"
image_1692.jpg,"[Kerbau,Manusia]"
image_1693.jpg,"[Kerbau,Manusia]"
image_1694.jpg,"[Kerbau,Manusia,Motor]"
image_1696.jpg,"[Kerbau,Manusia,Truk,Motor]"
image_1697.jpg,"[Kerbau,Manusia,Truk]"
image_1698.jpg,"[Kerbau,Manusia,Truk]"
image_1699.jpg,"[Kerbau,Manusia,Truk]"
image_17.jpg,"[Kerbau,Manusia]"
image_170.jpg,[Kerbau]
image_1700.jpg,"[Kerbau,Manusia,Truk]"
image_1701.jpg,"[Manusia,Truk,Kerbau]"
image_1702.jpg,"[Manusia,Kerbau,Truk]"
image_1703.jpg,"[Kerbau,Manusia,Truk]"
image_1704.jpg,"[Kerbau,Manusia,Truk]"
image_1705.jpg,"[Kerbau,Manusia,Truk]"
image_1706.jpg,"[Kerbau,Manusia]"
image_1707.jpg,"[Kerbau,Manusia]"
image_1708.jpg,"[Kerbau,Manusia,Truk]"
image_1709.jpg,"[Manusia,Truk]"
image_171.jpg,[Kerbau]
image_1710.jpg,"[Kerbau,Manusia,Truk]"
image_1711.jpg,"[Kerbau,Manusia,Truk]"
image_1712.jpg,"[Kerbau,Manusia,Truk]"
image_1713.jpg,"[Kerbau,Manusia,Truk]"
image_1714.jpg,"[Kerbau,Manusia,Truk]"
image_1715.jpg,"[Kerbau,Manusia,Truk]"
image_1716.jpg,"[Kerbau,Manusia,Truk]"
image_1717.jpg,"[Kerbau,Manusia,Truk]"
image_1718.jpg,"[Kerbau,Manusia]"
image_1719.jpg,"[Kerbau,Manusia,Truk]"
image_172.jpg,[Kerbau]
image_1720.jpg,"[Kerbau,Manusia,Truk]"
image_1721.jpg,"[Kerbau,Manusia]"
image_1722.jpg,"[Kerbau,Manusia]"
image_1723.jpg,"[Kerbau,Manusia]"
image_1724.jpg,"[Kerbau,Manusia]"
image_1725.jpg,"[Kerbau,Manusia]"
image_1726.jpg,"[Kerbau,Manusia]"
image_1727.jpg,[Kerbau]
image_1728.jpg,[Kerbau]
image_1729.jpg,[Kerbau]
image_173.jpg,[Kerbau]
image_1730.jpg,"[Kerbau,Manusia,Truk]"
image_1731.jpg,"[Kerbau,Manusia,Truk]"
image_1732.jpg,"[Kerbau,Manusia,Truk]"
image_1733.jpg,"[Kerbau,Manusia,Truk]"
image_1734.jpg,"[Kerbau,Manusia,Truk]"
image_1735.jpg,"[Kerbau,Manusia,Truk]"
image_1736.jpg,"[Kerbau,Manusia,Truk]"
image_1737.jpg,"[Kerbau,Manusia,Truk]"
image_1738.jpg,"[Kerbau,Manusia,Truk]"
image_1739.jpg,"[Kerbau,Manusia,Truk]"
image_174.jpg,[Kerbau]
image_1740.jpg,"[Kerbau,Truk,Manusia]"
image_1741.jpg,"[Kerbau,Truk]"
image_1742.jpg,"[Kerbau,Truk]"
image_1743.jpg,"[Kerbau,Truk]"
image_1744.jpg,"[Kerbau,Truk]"
image_1745.jpg,"[Kerbau,Truk,Manusia,Motor]"
image_1746.jpg,"[Kerbau,Truk,Motor,Manusia]"
image_1747.jpg,"[Kerbau,Manusia,Truk]"
image_1748.jpg,"[Kerbau,Manusia,Truk]"
image_1749.jpg,"[Kerbau,Manusia,Motor,Truk]"
image_175.jpg,[Kerbau]
image_1750.jpg,"[Kerbau,Truk,Motor]"
image_1751.jpg,"[Kerbau,Manusia,Motor]"
image_1752.jpg,"[Kerbau,Manusia,Truk,Motor]"
image_1753.jpg,"[Kerbau,Manusia,Motor,Truk]"
image_1754.jpg,"[Kerbau,Manusia,Motor,Truk]"
image_1755.jpg,"[Kerbau,Manusia,Motor]"
image_1756.jpg,"[Kerbau,Manusia,Motor]"
image_1757.jpg,"[Kerbau,Manusia,Motor,Truk]"
image_1758.jpg,"[Kerbau,Motor,Truk,Manusia]"
image_1759.jpg,"[Kerbau,Manusia,Motor,Truk]"
image_176.jpg,[Kerbau]
image_1760.jpg,"[Kerbau,Manusia,Motor,Truk]"
image_1761.jpg,"[Kerbau,Manusia,Motor,Truk]"
image_1762.jpg,"[Kerbau,Manusia]"
image_1763.jpg,"[Kerbau,Manusia]"
image_1764.jpg,"[Kerbau,Manusia]"
image_1765.jpg,"[Kerbau,Manusia]"
image_1766.jpg,"[Kerbau,Manusia]"
image_1767.jpg,"[Kerbau,Manusia]"
image_1768.jpg,"[Kerbau,Manusia,Truk]"
image_1769.jpg,"[Kerbau,Manusia,Truk]"
image_177.jpg,[Kerbau]
image_1770.jpg,"[Kerbau,Manusia,Truk]"
image_1771.jpg,"[Kerbau,Manusia,Truk]"
image_1772.jpg,"[Kerbau,Truk,Manusia]"
image_1773.jpg,"[Kerbau,Manusia]"
image_1774.jpg,"[Manusia,Kerbau,Truk]"
image_1775.jpg,"[Kerbau,Manusia]"
image_1776.jpg,"[Kerbau,Manusia]"
image_1777.jpg,"[Kerbau,Manusia]"
image_1778.jpg,[Kerbau]
image_1779.jpg,"[Kerbau,Manusia]"
image_178.jpg,[Kerbau]
image_1780.jpg,"[Kerbau,Manusia]"
image_1781.jpg,"[Kerbau,Manusia]"
image_1782.jpg,"[Kerbau,Manusia]"
image_1783.jpg,"[Kerbau,Manusia]"
image_1784.jpg,"[Kerbau,Manusia]"
image_1785.jpg,"[Kerbau,Manusia]"
image_1786.jpg,"[Kerbau,Manusia]"
image_1787.jpg,"[Kerbau,Manusia]"
image_1788.jpg,"[Kerbau,Manusia]"
image_1789.jpg,"[Kerbau,Manusia]"
image_179.jpg,[Kerbau]
image_1790.jpg,"[Kerbau,Manusia]"
image_1791.jpg,"[Kerbau,Manusia]"
image_1792.jpg,"[Kerbau,Manusia]"
image_1793.jpg,"[Kerbau,Manusia]"
image_1794.jpg,"[Kerbau,Manusia]"
image_1795.jpg,"[Kerbau,Manusia]"
image_1796.jpg,"[Kerbau,Manusia]"
image_1797.jpg,"[Kerbau,Manusia]"
image_1798.jpg,"[Kerbau,Manusia]"
image_1799.jpg,"[Kerbau,Manusia]"
image_18.jpg,"[Kerbau,Manusia]"
image_180.jpg,[Kerbau]
image_1800.jpg,"[Kerbau,Manusia]"
image_1801.jpg,"[Kerbau,Manusia,Truk]"
image_1802.jpg,"[Kerbau,Manusia,Truk]"
image_1803.jpg,"[Kerbau,Manusia]"
image_1804.jpg,"[Kerbau,Manusia]"
image_1805.jpg,"[Kerbau,Manusia]"
image_1806.jpg,"[Kerbau,Manusia]"
image_1807.jpg,"[Kerbau,Manusia,Motor]"
image_1808.jpg,"[Kerbau,Manusia,Motor]"
image_1809.jpg,"[Kerbau,Manusia,Motor]"
image_181.jpg,[Kerbau]
image_1810.jpg,"[Kerbau,Manusia,Motor]"
image_1811.jpg,"[Kerbau,Manusia]"
image_1812.jpg,"[Kerbau,Manusia]"
image_1813.jpg,"[Kerbau,Manusia]"
image_1814.jpg,"[Kerbau,Manusia]"
image_1815.jpg,"[Kerbau,Manusia]"
image_1816.jpg,"[Kerbau,Manusia,Motor]"
image_1817.jpg,"[Kerbau,Manusia,Motor]"
image_1818.jpg,"[Manusia,Kerbau,Motor]"
image_1819.jpg,"[Kerbau,Manusia]"
image_182.jpg,[Kerbau]
image_1820.jpg,"[Kerbau,Manusia]"
image_1821.jpg,"[Kerbau,Manusia]"
image_1822.jpg,"[Kerbau,Manusia,Motor]"
image_1823.jpg,"[Kerbau,Manusia,Motor,Truk]"
image_1824.jpg,"[Kerbau,Manusia,Motor,Truk]"
image_1825.jpg,"[Kerbau,Manusia,Motor,Truk]"
image_1826.jpg,"[Kerbau,Manusia,Motor]"
image_1827.jpg,"[Kerbau,Manusia,Motor,Truk]"
image_1828.jpg,"[Kerbau,Manusia,Motor,Truk]"
image_1829.jpg,"[Kerbau,Manusia,Motor,Truk]"
image_183.jpg,[Kerbau]
image_1830.jpg,[Kerbau]
image_1831.jpg,"[Kerbau,Motor]"
image_1832.jpg,"[Kerbau,Motor]"
image_1833.jpg,"[Kerbau,Motor]"
image_1834.jpg,"[Kerbau,Motor,Manusia]"
image_1835.jpg,"[Kerbau,Manusia,Motor]"
image_1836.jpg,"[Kerbau,Manusia,Motor]"
image_1837.jpg,"[Kerbau,Manusia]"
image_1838.jpg,"[Kerbau,Manusia,Truk]"
image_1839.jpg,"[Kerbau,Manusia,Truk]"
image_184.jpg,[Kerbau]
image_1840.jpg,"[Kerbau,Manusia,Truk]"
image_1841.jpg,"[Kerbau,Manusia,Truk]"
image_1842.jpg,"[Kerbau,Manusia,Truk]"
image_1843.jpg,"[Kerbau,Manusia,Truk]"
image_1844.jpg,"[Kerbau,Manusia,Truk]"
image_1845.jpg,"[Kerbau,Manusia,Truk]"
image_1846.jpg,"[Kerbau,Manusia,Truk]"
image_1847.jpg,"[Kerbau,Manusia,Truk]"
image_1849.jpg,"[Kerbau,Manusia,Truk]"
image_185.jpg,[Kerbau]
image_1850.jpg,"[Kerbau,Manusia,Truk]"
image_1851.jpg,"[Kerbau,Manusia,Truk]"
image_1852.jpg,"[Kerbau,Manusia,Truk]"
image_1853.jpg,"[Kerbau,Manusia,Truk]"
image_1854.jpg,"[Manusia,Truk,Kerbau]"
image_1855.jpg,"[Kerbau,Manusia]"
image_1856.jpg,"[Manusia,Kerbau]"
image_1857.jpg,"[Kerbau,Manusia]"
image_1858.jpg,"[Kerbau,Manusia]"
image_1859.jpg,"[Kerbau,Manusia]"
image_186.jpg,[Kerbau]
image_1860.jpg,"[Kerbau,Manusia]"
image_1861.jpg,"[Kerbau,Manusia]"
image_1862.jpg,"[Kerbau,Manusia]"
image_1863.jpg,"[Manusia,Kerbau]"
image_1864.jpg,"[Kerbau,Manusia]"
image_1865.jpg,"[Kerbau,Manusia]"
image_1866.jpg,"[Kerbau,Manusia]"
image_1867.jpg,"[Kerbau,Manusia]"
image_1868.jpg,"[Kerbau,Manusia]"
image_1869.jpg,"[Kerbau,Manusia]"
image_187.jpg,[Kerbau]
image_1870.jpg,"[Kerbau,Manusia]"
image_1871.jpg,"[Kerbau,Manusia]"
image_1872.jpg,"[Kerbau,Manusia]"
image_1873.jpg,"[Kerbau,Manusia]"
image_1874.jpg,"[Kerbau,Manusia]"
image_1875.jpg,"[Kerbau,Manusia,Truk]"
image_1876.jpg,"[Kerbau,Manusia,Motor,Truk]"
image_1877.jpg,"[Kerbau,Manusia,Motor,Truk]"
image_1878.jpg,"[Kerbau,Manusia,Motor,Truk]"
image_1879.jpg,"[Kerbau,Manusia]"
image_188.jpg,[Kerbau]
image_1880.jpg,"[Kerbau,Manusia]"
image_1881.jpg,"[Kerbau,Manusia]"
image_1882.jpg,"[Kerbau,Manusia]"
image_1883.jpg,"[Kerbau,Manusia]"
image_1884.jpg,"[Kerbau,Manusia]"
image_1885.jpg,"[Kerbau,Manusia]"
image_1886.jpg,"[Kerbau,Manusia]"
image_1887.jpg,"[Kerbau,Manusia,Truk]"
image_1888.jpg,"[Kerbau,Manusia,Truk]"
image_1889.jpg,"[Kerbau,Manusia,Truk]"
image_189.jpg,[Kerbau]
image_1890.jpg,"[Kerbau,Manusia,Truk]"
image_1891.jpg,"[Kerbau,Manusia,Truk]"
image_1892.jpg,"[Kerbau,Manusia,Truk]"
image_1893.jpg,"[Kerbau,Manusia,Truk]"
image_1894.jpg,"[Kerbau,Manusia,Truk]"
image_1895.jpg,"[Kerbau,Manusia,Truk]"
image_1896.jpg,"[Kerbau,Manusia,Truk]"
image_1897.jpg,"[Manusia,Kerbau,Truk]"
image_1898.jpg,"[Kerbau,Manusia]"
image_1899.jpg,"[Kerbau,Manusia]"
image_19.jpg,"[Kerbau,Manusia]"
image_190.jpg,[Kerbau]
image_1900.jpg,"[Kerbau,Manusia]"
image_1901.jpg,"[Kerbau,Manusia]"
image_1902.jpg,"[Kerbau,Manusia,Truk]"
image_1903.jpg,"[Kerbau,Manusia,Truk]"
image_1904.jpg,"[Kerbau,Manusia,Truk]"
image_1905.jpg,"[Kerbau,Manusia,Truk]"
image_1906.jpg,"[Kerbau,Manusia]"
image_1907.jpg,"[Kerbau,Manusia]"
image_1908.jpg,"[Kerbau,Manusia]"
image_1909.jpg,"[Kerbau,Manusia]"
image_191.jpg,[Kerbau]
image_1910.jpg,"[Kerbau,Manusia,Truk]"
image_1911.jpg,"[Kerbau,Manusia]"
image_1912.jpg,"[Kerbau,Manusia]"
image_1913.jpg,"[Kerbau,Manusia]"
image_1914.jpg,"[Kerbau,Manusia]"
image_1915.jpg,"[Kerbau,Manusia]"
image_1916.jpg,"[Kerbau,Manusia]"
image_1917.jpg,"[Kerbau,Manusia]"
image_1918.jpg,"[Kerbau,Manusia]"
image_1919.jpg,"[Kerbau,Manusia]"
image_192.jpg,[Truk]
image_1920.jpg,"[Kerbau,Manusia]"
image_1921.jpg,"[Kerbau,Manusia]"
image_1922.jpg,"[Kerbau,Manusia]"
image_1923.jpg,"[Kerbau,Manusia]"
image_1924.jpg,"[Kerbau,Manusia]"
image_1925.jpg,"[Kerbau,Manusia]"
image_1926.jpg,"[Kerbau,Manusia]"
image_1927.jpg,[Kerbau]
image_1928.jpg,[Kerbau]
image_1929.jpg,"[Manusia,Kerbau]"
image_193.jpg,[Kerbau]
image_1930.jpg,[Kerbau]
image_1931.jpg,"[Kerbau,Manusia]"
image_1932.jpg,[Kerbau]
image_1933.jpg,"[Kerbau,Manusia]"
image_1934.jpg,"[Kerbau,Manusia]"
image_1935.jpg,"[Kerbau,Manusia]"
image_1936.jpg,"[Kerbau,Manusia]"
image_1937.jpg,"[Kerbau,Manusia]"
image_1938.jpg,"[Kerbau,Manusia]"
image_1939.jpg,"[Kerbau,Manusia]"
image_194.jpg,[Kerbau]
image_1940.jpg,"[Kerbau,Manusia]"
image_1941.jpg,"[Kerbau,Manusia]"
image_1942.jpg,"[Kerbau,Manusia]"
image_1943.jpg,"[Kerbau,Manusia,Truk]"
image_1944.jpg,"[Kerbau,Manusia,Truk]"
image_1945.jpg,"[Kerbau,Manusia,Truk]"
image_1946.jpg,"[Kerbau,Manusia,Truk]"
image_1947.jpg,"[Kerbau,Manusia]"
image_1948.jpg,"[Kerbau,Manusia]"
image_1949.jpg,"[Kerbau,Manusia]"
image_195.jpg,[Kerbau]
image_1950.jpg,"[Manusia,Kerbau]"
image_1951.jpg,"[Kerbau,Manusia]"
image_1952.jpg,"[Kerbau,Manusia]"
image_1953.jpg,"[Kerbau,Manusia]"
image_1954.jpg,"[Kerbau,Manusia,Truk]"
image_1955.jpg,"[Kerbau,Manusia,Truk]"
image_1956.jpg,"[Kerbau,Manusia,Truk]"
image_1957.jpg,"[Kerbau,Manusia,Truk]"
image_1958.jpg,"[Kerbau,Manusia]"
image_1959.jpg,"[Manusia,Kerbau]"
image_196.jpg,[Kerbau]
image_1960.jpg,"[Kerbau,Manusia]"
image_1961.jpg,"[Kerbau,Manusia]"
image_1962.jpg,"[Kerbau,Manusia]"
image_1963.jpg,"[Kerbau,Manusia]"
image_1964.jpg,"[Kerbau,Manusia]"
image_1965.jpg,"[Kerbau,Manusia]"
image_1966.jpg,"[Kerbau,Manusia]"
image_1967.jpg,"[Kerbau,Manusia]"
image_1968.jpg,"[Kerbau,Manusia]"
image_1969.jpg,"[Kerbau,Manusia,Truk]"
image_197.jpg,[Kerbau]
image_1970.jpg,"[Kerbau,Manusia,Truk]"
image_1971.jpg,"[Kerbau,Manusia,Truk]"
image_1972.jpg,"[Kerbau,Manusia,Truk]"
image_1973.jpg,"[Kerbau,Manusia,Truk]"
image_1974.jpg,"[Kerbau,Manusia,Truk]"
image_1975.jpg,"[Kerbau,Manusia,Truk]"
image_1976.jpg,"[Kerbau,Manusia,Truk]"
image_1977.jpg,"[Kerbau,Manusia,Truk]"
image_1978.jpg,"[Kerbau,Manusia,Truk]"
image_1979.jpg,"[Kerbau,Manusia,Truk]"
image_198.jpg,[Kerbau]
image_1980.jpg,"[Kerbau,Manusia,Truk]"
image_1981.jpg,"[Manusia,Kerbau,Truk]"
image_1982.jpg,"[Kerbau,Manusia,Truk]"
image_1983.jpg,"[Kerbau,Manusia,Truk]"
image_1984.jpg,"[Kerbau,Manusia,Truk]"
image_1985.jpg,"[Kerbau,Manusia,Truk]"
image_1986.jpg,"[Kerbau,Manusia,Truk]"
image_1987.jpg,"[Kerbau,Manusia,Truk]"
image_1988.jpg,"[Kerbau,Manusia,Truk]"
image_1989.jpg,"[Kerbau,Manusia,Truk]"
image_199.jpg,[Kerbau]
image_1990.jpg,"[Kerbau,Manusia,Truk]"
image_1991.jpg,"[Kerbau,Manusia,Truk]"
image_1992.jpg,"[Kerbau,Manusia]"
image_1993.jpg,"[Kerbau,Manusia]"
image_1994.jpg,[Kerbau]
image_1995.jpg,"[Kerbau,Manusia]"
image_1996.jpg,"[Kerbau,Manusia]"
image_1997.jpg,"[Kerbau,Manusia,Truk]"
image_1998.jpg,"[Kerbau,Manusia,Truk]"
image_1999.jpg,"[Kerbau,Manusia,Truk]"
image_2.jpg,"[Kerbau,Manusia]"
image_20.jpg,"[Kerbau,Manusia]"
image_200.jpg,[Kerbau]
image_2000.jpg,[Kerbau]